station_name,train_length,test_length,split_time,forecast_method,mape,interval_accuracy
35thAveSW_SWMyrtleSt,24,4,2015-01-26T10:00:00Z,pred_auto.arima,0.0111586684811797,0.75
35thAveSW_SWMyrtleSt,24,4,2015-01-26T10:00:00Z,pred_forecastHybrid,0.012917961394092,1
35thAveSW_SWMyrtleSt,24,4,2015-01-26T10:00:00Z,pred_prophet,0.0190495047067662,0
35thAveSW_SWMyrtleSt,24,4,2014-12-04T03:00:00Z,pred_auto.arima,0.00295446370798229,1
35thAveSW_SWMyrtleSt,24,4,2014-12-04T03:00:00Z,pred_forecastHybrid,0.00394774517682041,1
35thAveSW_SWMyrtleSt,24,4,2014-12-04T03:00:00Z,pred_prophet,0.127888388228011,0.75
35thAveSW_SWMyrtleSt,24,4,2015-09-05T20:00:00Z,pred_auto.arima,0.00502190888205525,1
35thAveSW_SWMyrtleSt,24,4,2015-09-05T20:00:00Z,pred_forecastHybrid,0.00352530020897154,1
35thAveSW_SWMyrtleSt,24,4,2015-09-05T20:00:00Z,pred_prophet,0.0190390238213656,0
35thAveSW_SWMyrtleSt,24,24,2014-05-17T21:00:00Z,pred_auto.arima,0.106154986196691,1
35thAveSW_SWMyrtleSt,24,24,2014-05-17T21:00:00Z,pred_forecastHybrid,0.146468567387292,1
35thAveSW_SWMyrtleSt,24,24,2014-05-17T21:00:00Z,pred_prophet,0.404082357150235,0.166666666666667
35thAveSW_SWMyrtleSt,24,24,2014-12-19T16:00:00Z,pred_auto.arima,0.00823863174904795,0.541666666666667
35thAveSW_SWMyrtleSt,24,24,2014-12-19T16:00:00Z,pred_forecastHybrid,0.0221714157640095,1
35thAveSW_SWMyrtleSt,24,24,2014-12-19T16:00:00Z,pred_prophet,0.0658355632355744,0.583333333333333
35thAveSW_SWMyrtleSt,24,24,2014-04-30T23:00:00Z,pred_auto.arima,0.17635564075091,1
35thAveSW_SWMyrtleSt,24,24,2014-04-30T23:00:00Z,pred_forecastHybrid,0.187054287365543,1
35thAveSW_SWMyrtleSt,24,24,2014-04-30T23:00:00Z,pred_prophet,0.390415669518788,0.291666666666667
35thAveSW_SWMyrtleSt,24,168,2015-05-12T17:00:00Z,pred_auto.arima,0.361018000046191,0.910714285714286
35thAveSW_SWMyrtleSt,24,168,2015-05-12T17:00:00Z,pred_forecastHybrid,0.229634278379115,0.946428571428571
35thAveSW_SWMyrtleSt,24,168,2015-05-12T17:00:00Z,pred_prophet,0.267749264118452,0.910714285714286
35thAveSW_SWMyrtleSt,24,168,2015-08-16T18:00:00Z,pred_auto.arima,0.0297666170250344,0.982142857142857
35thAveSW_SWMyrtleSt,24,168,2015-08-16T18:00:00Z,pred_forecastHybrid,0.195641490787943,1
35thAveSW_SWMyrtleSt,24,168,2015-08-16T18:00:00Z,pred_prophet,0.856164062617502,0.833333333333333
35thAveSW_SWMyrtleSt,24,168,2014-03-26T13:00:00Z,pred_auto.arima,3.82159640745761,0.994047619047619
35thAveSW_SWMyrtleSt,24,168,2014-03-26T13:00:00Z,pred_forecastHybrid,2.50739116771415,1
35thAveSW_SWMyrtleSt,24,168,2014-03-26T13:00:00Z,pred_prophet,0.599093830409139,0.0952380952380952
35thAveSW_SWMyrtleSt,24,672,2014-04-16T09:00:00Z,pred_auto.arima,0.144960633745272,1
35thAveSW_SWMyrtleSt,24,672,2014-04-16T09:00:00Z,pred_forecastHybrid,1.1527138940247,1
35thAveSW_SWMyrtleSt,24,672,2014-04-16T09:00:00Z,pred_prophet,6.42564844155079,0.00446428571428571
35thAveSW_SWMyrtleSt,24,672,2014-08-10T13:00:00Z,pred_auto.arima,33.6189955560706,0.989583333333333
35thAveSW_SWMyrtleSt,24,672,2014-08-10T13:00:00Z,pred_forecastHybrid,23.2706081750874,1
35thAveSW_SWMyrtleSt,24,672,2014-08-10T13:00:00Z,pred_prophet,5.39548403648741,0
35thAveSW_SWMyrtleSt,24,672,2015-06-27T05:00:00Z,pred_auto.arima,2.06041865123086,1
35thAveSW_SWMyrtleSt,24,672,2015-06-27T05:00:00Z,pred_forecastHybrid,1.28953950974896,1
35thAveSW_SWMyrtleSt,24,672,2015-06-27T05:00:00Z,pred_prophet,2.36516298594476,1
35thAveSW_SWMyrtleSt,168,4,2014-12-09T17:00:00Z,pred_auto.arima,0.00977577040455527,1
35thAveSW_SWMyrtleSt,168,4,2014-12-09T17:00:00Z,pred_forecastHybrid,0.00695285004366795,1
35thAveSW_SWMyrtleSt,168,4,2014-12-09T17:00:00Z,pred_prophet,0.00283565211208565,1
35thAveSW_SWMyrtleSt,168,4,2014-12-11T09:00:00Z,pred_auto.arima,0.0022147941686165,1
35thAveSW_SWMyrtleSt,168,4,2014-12-11T09:00:00Z,pred_forecastHybrid,0.00174036177990211,1
35thAveSW_SWMyrtleSt,168,4,2014-12-11T09:00:00Z,pred_prophet,0.0125679554745333,0
35thAveSW_SWMyrtleSt,168,4,2015-11-01T03:00:00Z,pred_auto.arima,0.00661110526764058,1
35thAveSW_SWMyrtleSt,168,4,2015-11-01T03:00:00Z,pred_forecastHybrid,0.00691997032800843,1
35thAveSW_SWMyrtleSt,168,4,2015-11-01T03:00:00Z,pred_prophet,0.0121400074001863,0.25
35thAveSW_SWMyrtleSt,168,24,2014-12-16T16:00:00Z,pred_auto.arima,0.00562990000292815,1
35thAveSW_SWMyrtleSt,168,24,2014-12-16T16:00:00Z,pred_forecastHybrid,0.0118077777991083,1
35thAveSW_SWMyrtleSt,168,24,2014-12-16T16:00:00Z,pred_prophet,0.0218271911223021,0.416666666666667
35thAveSW_SWMyrtleSt,168,24,2015-10-18T14:00:00Z,pred_auto.arima,0.00208092162534112,1
35thAveSW_SWMyrtleSt,168,24,2015-10-18T14:00:00Z,pred_forecastHybrid,0.00504772216356113,1
35thAveSW_SWMyrtleSt,168,24,2015-10-18T14:00:00Z,pred_prophet,0.00856778350221601,0.75
35thAveSW_SWMyrtleSt,168,24,2014-04-27T20:00:00Z,pred_auto.arima,0.141205765644897,0.75
35thAveSW_SWMyrtleSt,168,24,2014-04-27T20:00:00Z,pred_forecastHybrid,0.168245176715294,1
35thAveSW_SWMyrtleSt,168,24,2014-04-27T20:00:00Z,pred_prophet,0.0888552209879302,0.583333333333333
35thAveSW_SWMyrtleSt,168,168,2014-05-04T04:00:00Z,pred_auto.arima,0.0975987689826982,1
35thAveSW_SWMyrtleSt,168,168,2014-05-04T04:00:00Z,pred_forecastHybrid,0.106027125056857,1
35thAveSW_SWMyrtleSt,168,168,2014-05-04T04:00:00Z,pred_prophet,0.798149328600722,0.0595238095238095
35thAveSW_SWMyrtleSt,168,168,2014-11-15T17:00:00Z,pred_auto.arima,0.163342053861237,1
35thAveSW_SWMyrtleSt,168,168,2014-11-15T17:00:00Z,pred_forecastHybrid,0.156818070501624,1
35thAveSW_SWMyrtleSt,168,168,2014-11-15T17:00:00Z,pred_prophet,0.347693616931269,0.345238095238095
35thAveSW_SWMyrtleSt,168,168,2014-11-29T17:00:00Z,pred_auto.arima,0.31294344234939,0.547619047619048
35thAveSW_SWMyrtleSt,168,168,2014-11-29T17:00:00Z,pred_forecastHybrid,0.256505122581889,1
35thAveSW_SWMyrtleSt,168,168,2014-11-29T17:00:00Z,pred_prophet,0.347123774888866,0.422619047619048
35thAveSW_SWMyrtleSt,168,672,2014-08-28T00:00:00Z,pred_auto.arima,0.215244480495827,0.997023809523809
35thAveSW_SWMyrtleSt,168,672,2014-08-28T00:00:00Z,pred_forecastHybrid,0.186409188985833,1
35thAveSW_SWMyrtleSt,168,672,2014-08-28T00:00:00Z,pred_prophet,0.291020958837124,0.883928571428571
35thAveSW_SWMyrtleSt,168,672,2014-09-11T18:00:00Z,pred_auto.arima,0.299955471467851,0.806547619047619
35thAveSW_SWMyrtleSt,168,672,2014-09-11T18:00:00Z,pred_forecastHybrid,0.277852338356046,1
35thAveSW_SWMyrtleSt,168,672,2014-09-11T18:00:00Z,pred_prophet,0.223683916890819,1
35thAveSW_SWMyrtleSt,168,672,2015-10-05T07:00:00Z,pred_auto.arima,0.0570009071577085,0.958333333333333
35thAveSW_SWMyrtleSt,168,672,2015-10-05T07:00:00Z,pred_forecastHybrid,0.54011588786836,1
35thAveSW_SWMyrtleSt,168,672,2015-10-05T07:00:00Z,pred_prophet,0.195348940743701,0.997023809523809
35thAveSW_SWMyrtleSt,672,4,2015-10-23T23:00:00Z,pred_auto.arima,0.00485452482662253,1
35thAveSW_SWMyrtleSt,672,4,2015-10-23T23:00:00Z,pred_forecastHybrid,0.00354969325692554,1
35thAveSW_SWMyrtleSt,672,4,2015-10-23T23:00:00Z,pred_prophet,0.00256455665085397,1
35thAveSW_SWMyrtleSt,672,4,2015-04-09T23:00:00Z,pred_auto.arima,0.00650989875712196,1
35thAveSW_SWMyrtleSt,672,4,2015-04-09T23:00:00Z,pred_forecastHybrid,0.0030680110955821,1
35thAveSW_SWMyrtleSt,672,4,2015-04-09T23:00:00Z,pred_prophet,0.0054821535048372,1
35thAveSW_SWMyrtleSt,672,4,2014-12-27T13:00:00Z,pred_auto.arima,0.0114791213718518,1
35thAveSW_SWMyrtleSt,672,4,2014-12-27T13:00:00Z,pred_forecastHybrid,0.0100516239020286,1
35thAveSW_SWMyrtleSt,672,4,2014-12-27T13:00:00Z,pred_prophet,0.0204460058551194,1
35thAveSW_SWMyrtleSt,672,24,2015-04-25T06:00:00Z,pred_auto.arima,0.0208582808963328,1
35thAveSW_SWMyrtleSt,672,24,2015-04-25T06:00:00Z,pred_forecastHybrid,0.0407346257274863,1
35thAveSW_SWMyrtleSt,672,24,2015-04-25T06:00:00Z,pred_prophet,0.0225852625746374,0.458333333333333
35thAveSW_SWMyrtleSt,672,24,2014-10-11T20:00:00Z,pred_auto.arima,0.121101826082821,0.958333333333333
35thAveSW_SWMyrtleSt,672,24,2014-10-11T20:00:00Z,pred_forecastHybrid,0.141695312598655,1
35thAveSW_SWMyrtleSt,672,24,2014-10-11T20:00:00Z,pred_prophet,0.0753622187483526,1
35thAveSW_SWMyrtleSt,672,24,2015-03-09T16:00:00Z,pred_auto.arima,0.00632885334322002,1
35thAveSW_SWMyrtleSt,672,24,2015-03-09T16:00:00Z,pred_forecastHybrid,0.0415350510705331,1
35thAveSW_SWMyrtleSt,672,24,2015-03-09T16:00:00Z,pred_prophet,0.0128803709327585,0.958333333333333
35thAveSW_SWMyrtleSt,672,168,2014-12-15T14:00:00Z,pred_auto.arima,0.0195533046531854,1
35thAveSW_SWMyrtleSt,672,168,2014-12-15T14:00:00Z,pred_forecastHybrid,0.0130011479500683,1
35thAveSW_SWMyrtleSt,672,168,2014-12-15T14:00:00Z,pred_prophet,0.0598922985054224,1
35thAveSW_SWMyrtleSt,672,168,2014-08-17T13:00:00Z,pred_auto.arima,0.116470144084815,0.982142857142857
35thAveSW_SWMyrtleSt,672,168,2014-08-17T13:00:00Z,pred_forecastHybrid,0.286863899815368,1
35thAveSW_SWMyrtleSt,672,168,2014-08-17T13:00:00Z,pred_prophet,0.0846927740422537,0.80952380952381
35thAveSW_SWMyrtleSt,672,168,2014-10-24T07:00:00Z,pred_auto.arima,0.213844370570179,1
35thAveSW_SWMyrtleSt,672,168,2014-10-24T07:00:00Z,pred_forecastHybrid,0.212841115645338,1
35thAveSW_SWMyrtleSt,672,168,2014-10-24T07:00:00Z,pred_prophet,0.219279394520063,0.886904761904762
35thAveSW_SWMyrtleSt,672,672,2014-07-11T10:00:00Z,pred_auto.arima,0.123179485418191,0.989583333333333
35thAveSW_SWMyrtleSt,672,672,2014-07-11T10:00:00Z,pred_forecastHybrid,0.127017831839902,0.992559523809524
35thAveSW_SWMyrtleSt,672,672,2014-07-11T10:00:00Z,pred_prophet,0.196363234144765,0.8125
35thAveSW_SWMyrtleSt,672,672,2014-08-28T19:00:00Z,pred_auto.arima,0.18431660226528,0.974702380952381
35thAveSW_SWMyrtleSt,672,672,2014-08-28T19:00:00Z,pred_forecastHybrid,0.147308245853025,1
35thAveSW_SWMyrtleSt,672,672,2014-08-28T19:00:00Z,pred_prophet,0.279462419078422,0.697916666666667
35thAveSW_SWMyrtleSt,672,672,2015-06-06T18:00:00Z,pred_auto.arima,0.0568182066967584,0.997023809523809
35thAveSW_SWMyrtleSt,672,672,2015-06-06T18:00:00Z,pred_forecastHybrid,0.0358695691093863,1
35thAveSW_SWMyrtleSt,672,672,2015-06-06T18:00:00Z,pred_prophet,0.109292096482692,0.885416666666667
35thAveSW_SWMyrtleSt,2688,4,2015-07-05T15:00:00Z,pred_auto.arima,0.00382341665960235,1
35thAveSW_SWMyrtleSt,2688,4,2015-07-05T15:00:00Z,pred_forecastHybrid,0.0038737203560281,1
35thAveSW_SWMyrtleSt,2688,4,2015-07-05T15:00:00Z,pred_prophet,0.0225832829283791,1
35thAveSW_SWMyrtleSt,2688,4,2014-08-22T04:00:00Z,pred_auto.arima,0.074903590447541,1
35thAveSW_SWMyrtleSt,2688,4,2014-08-22T04:00:00Z,pred_forecastHybrid,0.034977898440006,1
35thAveSW_SWMyrtleSt,2688,4,2014-08-22T04:00:00Z,pred_prophet,0.0177613917036006,1
35thAveSW_SWMyrtleSt,2688,4,2015-01-24T09:00:00Z,pred_auto.arima,0.0202059989478302,1
35thAveSW_SWMyrtleSt,2688,4,2015-01-24T09:00:00Z,pred_forecastHybrid,0.0119568084077562,1
35thAveSW_SWMyrtleSt,2688,4,2015-01-24T09:00:00Z,pred_prophet,0.0577841696162959,1
35thAveSW_SWMyrtleSt,2688,24,2015-05-22T14:00:00Z,pred_auto.arima,0.0374545958615124,0.583333333333333
35thAveSW_SWMyrtleSt,2688,24,2015-05-22T14:00:00Z,pred_forecastHybrid,0.0400368499384235,1
35thAveSW_SWMyrtleSt,2688,24,2015-05-22T14:00:00Z,pred_prophet,0.0113896272370519,1
35thAveSW_SWMyrtleSt,2688,24,2015-04-16T05:00:00Z,pred_auto.arima,0.0323906486601268,0.75
35thAveSW_SWMyrtleSt,2688,24,2015-04-16T05:00:00Z,pred_forecastHybrid,0.0498685001433969,0.75
35thAveSW_SWMyrtleSt,2688,24,2015-04-16T05:00:00Z,pred_prophet,0.0196196070293668,1
35thAveSW_SWMyrtleSt,2688,24,2015-01-21T22:00:00Z,pred_auto.arima,0.0100346365902945,1
35thAveSW_SWMyrtleSt,2688,24,2015-01-21T22:00:00Z,pred_forecastHybrid,0.0100612107658553,1
35thAveSW_SWMyrtleSt,2688,24,2015-01-21T22:00:00Z,pred_prophet,0.0278951500285437,1
35thAveSW_SWMyrtleSt,2688,168,2015-09-21T17:00:00Z,pred_auto.arima,0.0345870127885923,1
35thAveSW_SWMyrtleSt,2688,168,2015-09-21T17:00:00Z,pred_forecastHybrid,0.0607034171277721,1
35thAveSW_SWMyrtleSt,2688,168,2015-09-21T17:00:00Z,pred_prophet,0.0258494499129223,1
35thAveSW_SWMyrtleSt,2688,168,2014-08-16T21:00:00Z,pred_auto.arima,0.111656737112801,0.994047619047619
35thAveSW_SWMyrtleSt,2688,168,2014-08-16T21:00:00Z,pred_forecastHybrid,0.110632413604084,1
35thAveSW_SWMyrtleSt,2688,168,2014-08-16T21:00:00Z,pred_prophet,0.0490746250735899,0.994047619047619
35thAveSW_SWMyrtleSt,2688,168,2014-09-09T15:00:00Z,pred_auto.arima,0.129471061805799,0.982142857142857
35thAveSW_SWMyrtleSt,2688,168,2014-09-09T15:00:00Z,pred_forecastHybrid,0.316183973201249,1
35thAveSW_SWMyrtleSt,2688,168,2014-09-09T15:00:00Z,pred_prophet,0.044806906612478,1
35thAveSW_SWMyrtleSt,2688,672,2014-07-11T05:00:00Z,pred_auto.arima,0.143882442891648,1
35thAveSW_SWMyrtleSt,2688,672,2014-07-11T05:00:00Z,pred_forecastHybrid,0.121578803916525,1
35thAveSW_SWMyrtleSt,2688,672,2014-07-11T05:00:00Z,pred_prophet,0.138257082883367,0.793154761904762
35thAveSW_SWMyrtleSt,2688,672,2014-12-15T22:00:00Z,pred_auto.arima,0.0737846069769393,1
35thAveSW_SWMyrtleSt,2688,672,2014-12-15T22:00:00Z,pred_forecastHybrid,0.0524807152099834,1
35thAveSW_SWMyrtleSt,2688,672,2014-12-15T22:00:00Z,pred_prophet,0.206848941592557,0.903273809523809
35thAveSW_SWMyrtleSt,2688,672,2014-09-01T06:00:00Z,pred_auto.arima,0.172744715808496,1
35thAveSW_SWMyrtleSt,2688,672,2014-09-01T06:00:00Z,pred_forecastHybrid,0.162764584338624,1
35thAveSW_SWMyrtleSt,2688,672,2014-09-01T06:00:00Z,pred_prophet,0.0814467382960543,0.979166666666667
AlbroPlaceAirportWay,24,4,2015-06-17T15:00:00Z,pred_auto.arima,0.0487897559474777,0.75
AlbroPlaceAirportWay,24,4,2015-06-17T15:00:00Z,pred_forecastHybrid,0.0286560819194942,1
AlbroPlaceAirportWay,24,4,2015-06-17T15:00:00Z,pred_prophet,0.177575934327027,0
AlbroPlaceAirportWay,24,4,2015-09-06T14:00:00Z,pred_auto.arima,0.0156312724338304,1
AlbroPlaceAirportWay,24,4,2015-09-06T14:00:00Z,pred_forecastHybrid,0.0184015072493059,1
AlbroPlaceAirportWay,24,4,2015-09-06T14:00:00Z,pred_prophet,0.010573680554618,1
AlbroPlaceAirportWay,24,4,2014-04-08T23:00:00Z,pred_auto.arima,0.0183028209421755,1
AlbroPlaceAirportWay,24,4,2014-04-08T23:00:00Z,pred_forecastHybrid,0.0382882202999866,1
AlbroPlaceAirportWay,24,4,2014-04-08T23:00:00Z,pred_prophet,0.132868107513168,0.25
AlbroPlaceAirportWay,24,24,2015-04-16T02:00:00Z,pred_auto.arima,0.426548900546899,1
AlbroPlaceAirportWay,24,24,2015-04-16T02:00:00Z,pred_forecastHybrid,0.301214704622533,1
AlbroPlaceAirportWay,24,24,2015-04-16T02:00:00Z,pred_prophet,0.176706314040389,0.458333333333333
AlbroPlaceAirportWay,24,24,2015-03-14T00:00:00Z,pred_auto.arima,0.204821404547001,1
AlbroPlaceAirportWay,24,24,2015-03-14T00:00:00Z,pred_forecastHybrid,0.239476450236591,1
AlbroPlaceAirportWay,24,24,2015-03-14T00:00:00Z,pred_prophet,0.239115091357886,0
AlbroPlaceAirportWay,24,24,2015-03-08T05:00:00Z,pred_auto.arima,0.0619689583491056,1
AlbroPlaceAirportWay,24,24,2015-03-08T05:00:00Z,pred_forecastHybrid,0.187184750851151,1
AlbroPlaceAirportWay,24,24,2015-03-08T05:00:00Z,pred_prophet,0.106670861128327,1
AlbroPlaceAirportWay,24,168,2014-12-10T04:00:00Z,pred_auto.arima,0.143940179655615,0.583333333333333
AlbroPlaceAirportWay,24,168,2014-12-10T04:00:00Z,pred_forecastHybrid,0.0863206089488656,0.982142857142857
AlbroPlaceAirportWay,24,168,2014-12-10T04:00:00Z,pred_prophet,0.921381766518104,0.886904761904762
AlbroPlaceAirportWay,24,168,2014-09-06T16:00:00Z,pred_auto.arima,0.137839466196314,0.994047619047619
AlbroPlaceAirportWay,24,168,2014-09-06T16:00:00Z,pred_forecastHybrid,1.34356109271901,1
AlbroPlaceAirportWay,24,168,2014-09-06T16:00:00Z,pred_prophet,0.359880049742672,0.577380952380952
AlbroPlaceAirportWay,24,168,2014-06-11T04:00:00Z,pred_auto.arima,0.0721744278693441,0.880952380952381
AlbroPlaceAirportWay,24,168,2014-06-11T04:00:00Z,pred_forecastHybrid,0.731355895700042,0.970238095238095
AlbroPlaceAirportWay,24,168,2014-06-11T04:00:00Z,pred_prophet,1.91951191236789,0.726190476190476
AlbroPlaceAirportWay,24,672,2014-11-15T16:00:00Z,pred_auto.arima,0.214064057769337,0.711309523809524
AlbroPlaceAirportWay,24,672,2014-11-15T16:00:00Z,pred_forecastHybrid,0.429873573880862,1
AlbroPlaceAirportWay,24,672,2014-11-15T16:00:00Z,pred_prophet,0.939321835333598,0.261904761904762
AlbroPlaceAirportWay,24,672,2014-06-29T10:00:00Z,pred_auto.arima,0.103402157095956,1
AlbroPlaceAirportWay,24,672,2014-06-29T10:00:00Z,pred_forecastHybrid,3.29674794140038,1
AlbroPlaceAirportWay,24,672,2014-06-29T10:00:00Z,pred_prophet,2.55222940293988,0.438988095238095
AlbroPlaceAirportWay,24,672,2015-09-21T04:00:00Z,pred_auto.arima,0.0793997392242864,1
AlbroPlaceAirportWay,24,672,2015-09-21T04:00:00Z,pred_forecastHybrid,0.570235602253621,1
AlbroPlaceAirportWay,24,672,2015-09-21T04:00:00Z,pred_prophet,8.8309511163771,0.876488095238095
AlbroPlaceAirportWay,168,4,2014-07-14T19:00:00Z,pred_auto.arima,0.07258624755966,0.25
AlbroPlaceAirportWay,168,4,2014-07-14T19:00:00Z,pred_forecastHybrid,0.0970626284523738,0.25
AlbroPlaceAirportWay,168,4,2014-07-14T19:00:00Z,pred_prophet,0.0148264048271669,0.75
AlbroPlaceAirportWay,168,4,2015-10-16T20:00:00Z,pred_auto.arima,0.0287250805585034,1
AlbroPlaceAirportWay,168,4,2015-10-16T20:00:00Z,pred_forecastHybrid,0.0312111796971795,1
AlbroPlaceAirportWay,168,4,2015-10-16T20:00:00Z,pred_prophet,0.033909847722004,1
AlbroPlaceAirportWay,168,4,2014-10-03T06:00:00Z,pred_auto.arima,0.0280736573235434,1
AlbroPlaceAirportWay,168,4,2014-10-03T06:00:00Z,pred_forecastHybrid,0.0171254439763782,1
AlbroPlaceAirportWay,168,4,2014-10-03T06:00:00Z,pred_prophet,0.0217534385651667,1
AlbroPlaceAirportWay,168,24,2014-03-22T02:00:00Z,pred_auto.arima,0.161788311376774,1
AlbroPlaceAirportWay,168,24,2014-03-22T02:00:00Z,pred_forecastHybrid,0.162658163859929,1
AlbroPlaceAirportWay,168,24,2014-03-22T02:00:00Z,pred_prophet,0.076152485735537,0.958333333333333
AlbroPlaceAirportWay,168,24,2014-07-23T04:00:00Z,pred_auto.arima,0.0343163681487144,1
AlbroPlaceAirportWay,168,24,2014-07-23T04:00:00Z,pred_forecastHybrid,0.0295081365290036,1
AlbroPlaceAirportWay,168,24,2014-07-23T04:00:00Z,pred_prophet,0.0996075171565123,0.583333333333333
AlbroPlaceAirportWay,168,24,2015-10-03T06:00:00Z,pred_auto.arima,0.0392846344419471,1
AlbroPlaceAirportWay,168,24,2015-10-03T06:00:00Z,pred_forecastHybrid,0.0573484803544869,1
AlbroPlaceAirportWay,168,24,2015-10-03T06:00:00Z,pred_prophet,0.0359817162462695,1
AlbroPlaceAirportWay,168,168,2014-06-23T22:00:00Z,pred_auto.arima,0.0641089480512823,1
AlbroPlaceAirportWay,168,168,2014-06-23T22:00:00Z,pred_forecastHybrid,0.0647505001130993,1
AlbroPlaceAirportWay,168,168,2014-06-23T22:00:00Z,pred_prophet,0.253021181354262,0.31547619047619
AlbroPlaceAirportWay,168,168,2014-06-09T09:00:00Z,pred_auto.arima,0.0867541374439479,0.970238095238095
AlbroPlaceAirportWay,168,168,2014-06-09T09:00:00Z,pred_forecastHybrid,0.079457735775112,1
AlbroPlaceAirportWay,168,168,2014-06-09T09:00:00Z,pred_prophet,0.104678150890296,0.797619047619048
AlbroPlaceAirportWay,168,168,2014-06-24T22:00:00Z,pred_auto.arima,0.0705963007735243,1
AlbroPlaceAirportWay,168,168,2014-06-24T22:00:00Z,pred_forecastHybrid,0.0734529149593086,1
AlbroPlaceAirportWay,168,168,2014-06-24T22:00:00Z,pred_prophet,0.076773494071859,0.922619047619048
AlbroPlaceAirportWay,168,672,2015-09-01T23:00:00Z,pred_auto.arima,0.0766530867250097,1
AlbroPlaceAirportWay,168,672,2015-09-01T23:00:00Z,pred_forecastHybrid,0.0958566989899123,1
AlbroPlaceAirportWay,168,672,2015-09-01T23:00:00Z,pred_prophet,0.231849093700152,0.998511904761905
AlbroPlaceAirportWay,168,672,2014-04-19T17:00:00Z,pred_auto.arima,0.135335759745371,0.907738095238095
AlbroPlaceAirportWay,168,672,2014-04-19T17:00:00Z,pred_forecastHybrid,0.15164039835228,1
AlbroPlaceAirportWay,168,672,2014-04-19T17:00:00Z,pred_prophet,0.426779161953084,0.662202380952381
AlbroPlaceAirportWay,168,672,2015-08-02T04:00:00Z,pred_auto.arima,0.0795979400682921,0.998511904761905
AlbroPlaceAirportWay,168,672,2015-08-02T04:00:00Z,pred_forecastHybrid,0.102870341259669,1
AlbroPlaceAirportWay,168,672,2015-08-02T04:00:00Z,pred_prophet,0.125283626236248,0.994047619047619
AlbroPlaceAirportWay,672,4,2015-11-11T14:00:00Z,pred_auto.arima,0.0533462051571556,0.5
AlbroPlaceAirportWay,672,4,2015-11-11T14:00:00Z,pred_forecastHybrid,0.049683487378932,1
AlbroPlaceAirportWay,672,4,2015-11-11T14:00:00Z,pred_prophet,0.0369125198844288,1
AlbroPlaceAirportWay,672,4,2014-09-04T01:00:00Z,pred_auto.arima,0.0538196051069891,1
AlbroPlaceAirportWay,672,4,2014-09-04T01:00:00Z,pred_forecastHybrid,0.0517443156702375,1
AlbroPlaceAirportWay,672,4,2014-09-04T01:00:00Z,pred_prophet,0.0697361553121809,1
AlbroPlaceAirportWay,672,4,2015-03-08T10:00:00Z,pred_auto.arima,0.0225567328557197,1
AlbroPlaceAirportWay,672,4,2015-03-08T10:00:00Z,pred_forecastHybrid,0.0628135526999361,1
AlbroPlaceAirportWay,672,4,2015-03-08T10:00:00Z,pred_prophet,0.114467404909959,0
AlbroPlaceAirportWay,672,24,2015-03-20T06:00:00Z,pred_auto.arima,0.027991508909658,1
AlbroPlaceAirportWay,672,24,2015-03-20T06:00:00Z,pred_forecastHybrid,0.0435180684416882,1
AlbroPlaceAirportWay,672,24,2015-03-20T06:00:00Z,pred_prophet,0.0489159400536241,0.916666666666667
AlbroPlaceAirportWay,672,24,2014-09-08T19:00:00Z,pred_auto.arima,0.102712691381706,1
AlbroPlaceAirportWay,672,24,2014-09-08T19:00:00Z,pred_forecastHybrid,0.0685582233431795,1
AlbroPlaceAirportWay,672,24,2014-09-08T19:00:00Z,pred_prophet,0.126575358311878,0
AlbroPlaceAirportWay,672,24,2014-04-07T15:00:00Z,pred_auto.arima,0.202498624370641,0.75
AlbroPlaceAirportWay,672,24,2014-04-07T15:00:00Z,pred_forecastHybrid,0.200478938513223,1
AlbroPlaceAirportWay,672,24,2014-04-07T15:00:00Z,pred_prophet,0.0646559006620804,0.75
AlbroPlaceAirportWay,672,168,2014-07-20T13:00:00Z,pred_auto.arima,0.0810235902895396,1
AlbroPlaceAirportWay,672,168,2014-07-20T13:00:00Z,pred_forecastHybrid,0.0901238918185608,1
AlbroPlaceAirportWay,672,168,2014-07-20T13:00:00Z,pred_prophet,0.0666547576617411,0.815476190476191
AlbroPlaceAirportWay,672,168,2015-03-15T11:00:00Z,pred_auto.arima,0.0772422331800692,0.982142857142857
AlbroPlaceAirportWay,672,168,2015-03-15T11:00:00Z,pred_forecastHybrid,0.088769648406699,1
AlbroPlaceAirportWay,672,168,2015-03-15T11:00:00Z,pred_prophet,0.158500312583129,0.0773809523809524
AlbroPlaceAirportWay,672,168,2014-11-23T15:00:00Z,pred_auto.arima,0.230927231078242,0.821428571428571
AlbroPlaceAirportWay,672,168,2014-11-23T15:00:00Z,pred_forecastHybrid,0.25106502740093,0.994047619047619
AlbroPlaceAirportWay,672,168,2014-11-23T15:00:00Z,pred_prophet,0.407866644433711,0.321428571428571
AlbroPlaceAirportWay,672,672,2015-02-01T16:00:00Z,pred_auto.arima,0.100252942673582,1
AlbroPlaceAirportWay,672,672,2015-02-01T16:00:00Z,pred_forecastHybrid,0.0800872646125605,1
AlbroPlaceAirportWay,672,672,2015-02-01T16:00:00Z,pred_prophet,0.886579886327616,0.0297619047619048
AlbroPlaceAirportWay,672,672,2015-05-03T12:00:00Z,pred_auto.arima,0.149414124113718,1
AlbroPlaceAirportWay,672,672,2015-05-03T12:00:00Z,pred_forecastHybrid,0.13803372059465,1
AlbroPlaceAirportWay,672,672,2015-05-03T12:00:00Z,pred_prophet,0.0848719491411186,0.997023809523809
AlbroPlaceAirportWay,672,672,2015-04-07T08:00:00Z,pred_auto.arima,0.103849769673154,0.992559523809524
AlbroPlaceAirportWay,672,672,2015-04-07T08:00:00Z,pred_forecastHybrid,0.121880246664815,1
AlbroPlaceAirportWay,672,672,2015-04-07T08:00:00Z,pred_prophet,0.289408628809532,0.949404761904762
AlbroPlaceAirportWay,2688,4,2015-05-03T15:00:00Z,pred_auto.arima,0.00365646343856566,1
AlbroPlaceAirportWay,2688,4,2015-05-03T15:00:00Z,pred_forecastHybrid,0.00585397043583208,1
AlbroPlaceAirportWay,2688,4,2015-05-03T15:00:00Z,pred_prophet,0.0943231353941787,1
AlbroPlaceAirportWay,2688,4,2015-03-05T12:00:00Z,pred_auto.arima,0.0307157783916209,1
AlbroPlaceAirportWay,2688,4,2015-03-05T12:00:00Z,pred_forecastHybrid,0.0347030552845394,1
AlbroPlaceAirportWay,2688,4,2015-03-05T12:00:00Z,pred_prophet,0.115257088731835,1
AlbroPlaceAirportWay,2688,4,2015-06-20T21:00:00Z,pred_auto.arima,0.0132143254979644,1
AlbroPlaceAirportWay,2688,4,2015-06-20T21:00:00Z,pred_forecastHybrid,0.0171543342755259,1
AlbroPlaceAirportWay,2688,4,2015-06-20T21:00:00Z,pred_prophet,0.0534136841792636,1
AlbroPlaceAirportWay,2688,24,2015-10-12T18:00:00Z,pred_auto.arima,0.0303989332996027,1
AlbroPlaceAirportWay,2688,24,2015-10-12T18:00:00Z,pred_forecastHybrid,0.079352296915258,1
AlbroPlaceAirportWay,2688,24,2015-10-12T18:00:00Z,pred_prophet,0.0386842748578773,1
AlbroPlaceAirportWay,2688,24,2015-03-11T08:00:00Z,pred_auto.arima,0.0515149450247098,1
AlbroPlaceAirportWay,2688,24,2015-03-11T08:00:00Z,pred_forecastHybrid,0.0535998202394938,1
AlbroPlaceAirportWay,2688,24,2015-03-11T08:00:00Z,pred_prophet,0.168000318385684,0.666666666666667
AlbroPlaceAirportWay,2688,24,2014-09-20T14:00:00Z,pred_auto.arima,0.0607142327745157,1
AlbroPlaceAirportWay,2688,24,2014-09-20T14:00:00Z,pred_forecastHybrid,0.0967210498621178,1
AlbroPlaceAirportWay,2688,24,2014-09-20T14:00:00Z,pred_prophet,0.0314194007318553,0.916666666666667
AlbroPlaceAirportWay,2688,168,2015-06-12T11:00:00Z,pred_auto.arima,0.107346347681073,1
AlbroPlaceAirportWay,2688,168,2015-06-12T11:00:00Z,pred_forecastHybrid,0.109596117186633,1
AlbroPlaceAirportWay,2688,168,2015-06-12T11:00:00Z,pred_prophet,0.149572281432662,0.410714285714286
AlbroPlaceAirportWay,2688,168,2015-04-20T00:00:00Z,pred_auto.arima,0.12100045965042,1
AlbroPlaceAirportWay,2688,168,2015-04-20T00:00:00Z,pred_forecastHybrid,0.121577345164924,1
AlbroPlaceAirportWay,2688,168,2015-04-20T00:00:00Z,pred_prophet,0.0720055721513054,0.880952380952381
AlbroPlaceAirportWay,2688,168,2015-07-29T01:00:00Z,pred_auto.arima,0.0932198783539303,0.845238095238095
AlbroPlaceAirportWay,2688,168,2015-07-29T01:00:00Z,pred_forecastHybrid,0.0952553738271245,1
AlbroPlaceAirportWay,2688,168,2015-07-29T01:00:00Z,pred_prophet,0.13183942797605,0.482142857142857
AlbroPlaceAirportWay,2688,672,2015-01-10T07:00:00Z,pred_auto.arima,0.142285233059647,1
AlbroPlaceAirportWay,2688,672,2015-01-10T07:00:00Z,pred_forecastHybrid,0.119275921536182,1
AlbroPlaceAirportWay,2688,672,2015-01-10T07:00:00Z,pred_prophet,0.241388053063567,0.950892857142857
AlbroPlaceAirportWay,2688,672,2015-03-11T14:00:00Z,pred_auto.arima,0.163591025678839,0.992559523809524
AlbroPlaceAirportWay,2688,672,2015-03-11T14:00:00Z,pred_forecastHybrid,0.208821929502263,1
AlbroPlaceAirportWay,2688,672,2015-03-11T14:00:00Z,pred_prophet,0.129247042607742,0.888392857142857
AlbroPlaceAirportWay,2688,672,2015-02-19T11:00:00Z,pred_auto.arima,0.0997942344807224,1
AlbroPlaceAirportWay,2688,672,2015-02-19T11:00:00Z,pred_forecastHybrid,0.099000474489502,1
AlbroPlaceAirportWay,2688,672,2015-02-19T11:00:00Z,pred_prophet,0.113900577189531,0.952380952380952
AuroraBridge,24,4,2015-10-30T23:00:00Z,pred_auto.arima,0.0105427496562307,1
AuroraBridge,24,4,2015-10-30T23:00:00Z,pred_forecastHybrid,0.0194466797032912,1
AuroraBridge,24,4,2015-10-30T23:00:00Z,pred_prophet,0.0631407671900779,1
AuroraBridge,24,4,2014-03-28T20:00:00Z,pred_auto.arima,0.0415740381265936,1
AuroraBridge,24,4,2014-03-28T20:00:00Z,pred_forecastHybrid,0.0433428773520254,1
AuroraBridge,24,4,2014-03-28T20:00:00Z,pred_prophet,0.101786670677493,0
AuroraBridge,24,4,2015-10-14T21:00:00Z,pred_auto.arima,0.0193288496582895,1
AuroraBridge,24,4,2015-10-14T21:00:00Z,pred_forecastHybrid,0.0154667122022138,1
AuroraBridge,24,4,2015-10-14T21:00:00Z,pred_prophet,0.0544246313919902,0.5
AuroraBridge,24,24,2014-10-06T00:00:00Z,pred_auto.arima,0.0989832263855154,1
AuroraBridge,24,24,2014-10-06T00:00:00Z,pred_forecastHybrid,0.111239848159866,1
AuroraBridge,24,24,2014-10-06T00:00:00Z,pred_prophet,0.134965525905032,0.375
AuroraBridge,24,24,2014-07-25T05:00:00Z,pred_auto.arima,0.0727819554027031,0.5
AuroraBridge,24,24,2014-07-25T05:00:00Z,pred_forecastHybrid,0.0817573906885259,0.5
AuroraBridge,24,24,2014-07-25T05:00:00Z,pred_prophet,0.134548344826913,0.333333333333333
AuroraBridge,24,24,2014-10-18T04:00:00Z,pred_auto.arima,0.0475286628953919,0.416666666666667
AuroraBridge,24,24,2014-10-18T04:00:00Z,pred_forecastHybrid,0.048918130319609,0.958333333333333
AuroraBridge,24,24,2014-10-18T04:00:00Z,pred_prophet,0.0618216978614456,0.333333333333333
AuroraBridge,24,168,2015-05-22T06:00:00Z,pred_auto.arima,0.0698919974706606,1
AuroraBridge,24,168,2015-05-22T06:00:00Z,pred_forecastHybrid,0.338524914822251,1
AuroraBridge,24,168,2015-05-22T06:00:00Z,pred_prophet,0.668973971328994,0.565476190476191
AuroraBridge,24,168,2014-09-24T11:00:00Z,pred_auto.arima,0.0568102106597842,0.970238095238095
AuroraBridge,24,168,2014-09-24T11:00:00Z,pred_forecastHybrid,0.0502141178174034,0.970238095238095
AuroraBridge,24,168,2014-09-24T11:00:00Z,pred_prophet,0.270883748131358,0.00595238095238095
AuroraBridge,24,168,2014-12-16T07:00:00Z,pred_auto.arima,0.0556026659447358,1
AuroraBridge,24,168,2014-12-16T07:00:00Z,pred_forecastHybrid,0.0893447258358835,1
AuroraBridge,24,168,2014-12-16T07:00:00Z,pred_prophet,0.279787896344739,0.636904761904762
AuroraBridge,24,672,2014-08-09T23:00:00Z,pred_auto.arima,0.0804225920147599,1
AuroraBridge,24,672,2014-08-09T23:00:00Z,pred_forecastHybrid,1.39400529403851,1
AuroraBridge,24,672,2014-08-09T23:00:00Z,pred_prophet,2.7157536409293,0.0148809523809524
AuroraBridge,24,672,2015-09-02T04:00:00Z,pred_auto.arima,0.0653131200756755,0.989583333333333
AuroraBridge,24,672,2015-09-02T04:00:00Z,pred_forecastHybrid,0.184368820824288,0.989583333333333
AuroraBridge,24,672,2015-09-02T04:00:00Z,pred_prophet,2.92272469391628,0.947916666666667
AuroraBridge,24,672,2015-03-31T05:00:00Z,pred_auto.arima,0.123060592159998,0.894345238095238
AuroraBridge,24,672,2015-03-31T05:00:00Z,pred_forecastHybrid,4.22732477049322,1
AuroraBridge,24,672,2015-03-31T05:00:00Z,pred_prophet,8.72268754021531,0.930059523809524
AuroraBridge,168,4,2014-12-13T05:00:00Z,pred_auto.arima,0.0135566610592344,1
AuroraBridge,168,4,2014-12-13T05:00:00Z,pred_forecastHybrid,0.0154428943216899,1
AuroraBridge,168,4,2014-12-13T05:00:00Z,pred_prophet,0.035906020196762,1
AuroraBridge,168,4,2014-03-27T18:00:00Z,pred_auto.arima,0.0267397875531675,1
AuroraBridge,168,4,2014-03-27T18:00:00Z,pred_forecastHybrid,0.0512016043829351,1
AuroraBridge,168,4,2014-03-27T18:00:00Z,pred_prophet,0.0551059676330717,1
AuroraBridge,168,4,2015-01-01T22:00:00Z,pred_auto.arima,0.0127115469120919,1
AuroraBridge,168,4,2015-01-01T22:00:00Z,pred_forecastHybrid,0.0158967582107276,1
AuroraBridge,168,4,2015-01-01T22:00:00Z,pred_prophet,0.0248644778222863,1
AuroraBridge,168,24,2015-10-26T15:00:00Z,pred_auto.arima,0.0496322325924098,1
AuroraBridge,168,24,2015-10-26T15:00:00Z,pred_forecastHybrid,0.0487764001085135,1
AuroraBridge,168,24,2015-10-26T15:00:00Z,pred_prophet,0.0463781139627698,0.666666666666667
AuroraBridge,168,24,2014-07-17T05:00:00Z,pred_auto.arima,0.0821512767061619,0.958333333333333
AuroraBridge,168,24,2014-07-17T05:00:00Z,pred_forecastHybrid,0.0583250866340386,1
AuroraBridge,168,24,2014-07-17T05:00:00Z,pred_prophet,0.0896509048358094,0.0833333333333333
AuroraBridge,168,24,2014-11-14T00:00:00Z,pred_auto.arima,0.100482068829409,1
AuroraBridge,168,24,2014-11-14T00:00:00Z,pred_forecastHybrid,0.113067714170649,1
AuroraBridge,168,24,2014-11-14T00:00:00Z,pred_prophet,0.0577092505852369,0.791666666666667
AuroraBridge,168,168,2014-06-12T21:00:00Z,pred_auto.arima,0.108132645428992,0.863095238095238
AuroraBridge,168,168,2014-06-12T21:00:00Z,pred_forecastHybrid,0.0651719726159672,1
AuroraBridge,168,168,2014-06-12T21:00:00Z,pred_prophet,0.259225030493948,0
AuroraBridge,168,168,2015-01-02T20:00:00Z,pred_auto.arima,0.0972940090482575,1
AuroraBridge,168,168,2015-01-02T20:00:00Z,pred_forecastHybrid,0.10908707550528,1
AuroraBridge,168,168,2015-01-02T20:00:00Z,pred_prophet,0.148269065892022,0.851190476190476
AuroraBridge,168,168,2014-04-06T09:00:00Z,pred_auto.arima,0.0902797201025467,0.815476190476191
AuroraBridge,168,168,2014-04-06T09:00:00Z,pred_forecastHybrid,0.0982309405308509,1
AuroraBridge,168,168,2014-04-06T09:00:00Z,pred_prophet,0.0527127567340078,0.738095238095238
AuroraBridge,168,672,2015-04-08T13:00:00Z,pred_auto.arima,0.101902982457579,0.8125
AuroraBridge,168,672,2015-04-08T13:00:00Z,pred_forecastHybrid,0.162110881564694,1
AuroraBridge,168,672,2015-04-08T13:00:00Z,pred_prophet,0.263798539077218,0.680059523809524
AuroraBridge,168,672,2014-05-09T17:00:00Z,pred_auto.arima,0.108061298425424,0.663690476190476
AuroraBridge,168,672,2014-05-09T17:00:00Z,pred_forecastHybrid,0.115199790223992,1
AuroraBridge,168,672,2014-05-09T17:00:00Z,pred_prophet,0.637389902734933,0.775297619047619
AuroraBridge,168,672,2015-02-19T04:00:00Z,pred_auto.arima,0.0942662517194104,1
AuroraBridge,168,672,2015-02-19T04:00:00Z,pred_forecastHybrid,0.110682361572713,1
AuroraBridge,168,672,2015-02-19T04:00:00Z,pred_prophet,0.491796533204337,0.87202380952381
AuroraBridge,672,4,2015-09-11T20:00:00Z,pred_auto.arima,0.00124096520387823,1
AuroraBridge,672,4,2015-09-11T20:00:00Z,pred_forecastHybrid,0.00139699298132782,1
AuroraBridge,672,4,2015-09-11T20:00:00Z,pred_prophet,0.0138959747620513,1
AuroraBridge,672,4,2015-11-09T04:00:00Z,pred_auto.arima,0.00197344386995917,1
AuroraBridge,672,4,2015-11-09T04:00:00Z,pred_forecastHybrid,0.00178827460640494,1
AuroraBridge,672,4,2015-11-09T04:00:00Z,pred_prophet,0.00757337249751799,1
AuroraBridge,672,4,2015-10-23T06:00:00Z,pred_auto.arima,0.0322500843392583,1
AuroraBridge,672,4,2015-10-23T06:00:00Z,pred_forecastHybrid,0.0131524096081835,1
AuroraBridge,672,4,2015-10-23T06:00:00Z,pred_prophet,0.0719353264794255,1
AuroraBridge,672,24,2015-06-04T22:00:00Z,pred_auto.arima,0.14523809240903,1
AuroraBridge,672,24,2015-06-04T22:00:00Z,pred_forecastHybrid,0.126952340441296,1
AuroraBridge,672,24,2015-06-04T22:00:00Z,pred_prophet,0.0982727623659474,0.375
AuroraBridge,672,24,2014-06-08T04:00:00Z,pred_auto.arima,0.0554746578782154,1
AuroraBridge,672,24,2014-06-08T04:00:00Z,pred_forecastHybrid,0.0834483178367899,1
AuroraBridge,672,24,2014-06-08T04:00:00Z,pred_prophet,0.0291462683809984,0.958333333333333
AuroraBridge,672,24,2015-04-11T23:00:00Z,pred_auto.arima,0.0472950130560524,1
AuroraBridge,672,24,2015-04-11T23:00:00Z,pred_forecastHybrid,0.0787512255994576,1
AuroraBridge,672,24,2015-04-11T23:00:00Z,pred_prophet,0.0502879355299184,0.916666666666667
AuroraBridge,672,168,2015-01-25T14:00:00Z,pred_auto.arima,0.302707524696874,0.648809523809524
AuroraBridge,672,168,2015-01-25T14:00:00Z,pred_forecastHybrid,0.379367047606244,0.886904761904762
AuroraBridge,672,168,2015-01-25T14:00:00Z,pred_prophet,0.352279852524735,0.101190476190476
AuroraBridge,672,168,2015-04-11T22:00:00Z,pred_auto.arima,0.109390752463342,0.934523809523809
AuroraBridge,672,168,2015-04-11T22:00:00Z,pred_forecastHybrid,0.107297717498287,1
AuroraBridge,672,168,2015-04-11T22:00:00Z,pred_prophet,0.0819978161430626,0.952380952380952
AuroraBridge,672,168,2014-05-18T13:00:00Z,pred_auto.arima,0.199030657034135,0.988095238095238
AuroraBridge,672,168,2014-05-18T13:00:00Z,pred_forecastHybrid,0.185803215200147,1
AuroraBridge,672,168,2014-05-18T13:00:00Z,pred_prophet,0.0500037910136481,0.994047619047619
AuroraBridge,672,672,2015-06-21T12:00:00Z,pred_auto.arima,0.0999040302669045,1
AuroraBridge,672,672,2015-06-21T12:00:00Z,pred_forecastHybrid,0.0906892333811366,1
AuroraBridge,672,672,2015-06-21T12:00:00Z,pred_prophet,0.148316980617501,0.912202380952381
AuroraBridge,672,672,2014-09-06T06:00:00Z,pred_auto.arima,0.0912084949179632,0.986607142857143
AuroraBridge,672,672,2014-09-06T06:00:00Z,pred_forecastHybrid,0.0936714261337277,0.988095238095238
AuroraBridge,672,672,2014-09-06T06:00:00Z,pred_prophet,0.345133638747721,0.907738095238095
AuroraBridge,672,672,2015-07-09T08:00:00Z,pred_auto.arima,0.0846074091164845,1
AuroraBridge,672,672,2015-07-09T08:00:00Z,pred_forecastHybrid,0.0841921178655722,1
AuroraBridge,672,672,2015-07-09T08:00:00Z,pred_prophet,0.433111670168021,0.303571428571429
AuroraBridge,2688,4,2015-07-21T17:00:00Z,pred_auto.arima,0.00866082413659493,1
AuroraBridge,2688,4,2015-07-21T17:00:00Z,pred_forecastHybrid,0.0108737465195514,1
AuroraBridge,2688,4,2015-07-21T17:00:00Z,pred_prophet,0.0659128602808725,1
AuroraBridge,2688,4,2015-02-21T02:00:00Z,pred_auto.arima,0.0354929400966073,1
AuroraBridge,2688,4,2015-02-21T02:00:00Z,pred_forecastHybrid,0.0350460381510112,1
AuroraBridge,2688,4,2015-02-21T02:00:00Z,pred_prophet,0.0880989442954295,1
AuroraBridge,2688,4,2015-03-19T05:00:00Z,pred_auto.arima,0.0256665231722238,1
AuroraBridge,2688,4,2015-03-19T05:00:00Z,pred_forecastHybrid,0.0307860940238532,1
AuroraBridge,2688,4,2015-03-19T05:00:00Z,pred_prophet,0.00545599545023203,1
AuroraBridge,2688,24,2014-10-25T15:00:00Z,pred_auto.arima,0.0572096039840055,0.958333333333333
AuroraBridge,2688,24,2014-10-25T15:00:00Z,pred_forecastHybrid,0.0569974252148014,0.958333333333333
AuroraBridge,2688,24,2014-10-25T15:00:00Z,pred_prophet,0.0759656782294901,0.791666666666667
AuroraBridge,2688,24,2014-11-13T01:00:00Z,pred_auto.arima,0.0932008033211925,1
AuroraBridge,2688,24,2014-11-13T01:00:00Z,pred_forecastHybrid,0.0945983168025227,1
AuroraBridge,2688,24,2014-11-13T01:00:00Z,pred_prophet,0.16886393178183,0.583333333333333
AuroraBridge,2688,24,2015-09-25T06:00:00Z,pred_auto.arima,0.0397385694318877,1
AuroraBridge,2688,24,2015-09-25T06:00:00Z,pred_forecastHybrid,0.0361580332986619,1
AuroraBridge,2688,24,2015-09-25T06:00:00Z,pred_prophet,0.0603515061933088,1
AuroraBridge,2688,168,2014-08-05T06:00:00Z,pred_auto.arima,0.147500946878376,1
AuroraBridge,2688,168,2014-08-05T06:00:00Z,pred_forecastHybrid,0.147075518758115,1
AuroraBridge,2688,168,2014-08-05T06:00:00Z,pred_prophet,0.0488694114090123,0.928571428571429
AuroraBridge,2688,168,2015-05-11T18:00:00Z,pred_auto.arima,0.0804981553742895,1
AuroraBridge,2688,168,2015-05-11T18:00:00Z,pred_forecastHybrid,0.0830133248339157,1
AuroraBridge,2688,168,2015-05-11T18:00:00Z,pred_prophet,0.0604774850437848,0.976190476190476
AuroraBridge,2688,168,2015-03-01T14:00:00Z,pred_auto.arima,0.179017282255306,1
AuroraBridge,2688,168,2015-03-01T14:00:00Z,pred_forecastHybrid,0.194876879195667,1
AuroraBridge,2688,168,2015-03-01T14:00:00Z,pred_prophet,0.0759812282310196,0.964285714285714
AuroraBridge,2688,672,2014-12-20T20:00:00Z,pred_auto.arima,0.340707418905836,1
AuroraBridge,2688,672,2014-12-20T20:00:00Z,pred_forecastHybrid,0.339242047871481,1
AuroraBridge,2688,672,2014-12-20T20:00:00Z,pred_prophet,0.230495155796778,0.782738095238095
AuroraBridge,2688,672,2015-05-10T17:00:00Z,pred_auto.arima,0.164637233736066,0.994047619047619
AuroraBridge,2688,672,2015-05-10T17:00:00Z,pred_forecastHybrid,0.166695677659216,1
AuroraBridge,2688,672,2015-05-10T17:00:00Z,pred_prophet,0.0676065719241819,0.980654761904762
AuroraBridge,2688,672,2015-05-29T00:00:00Z,pred_auto.arima,0.278834740905914,0.977678571428571
AuroraBridge,2688,672,2015-05-29T00:00:00Z,pred_forecastHybrid,0.22336888225346,0.989583333333333
AuroraBridge,2688,672,2015-05-29T00:00:00Z,pred_prophet,0.0748872273598261,0.846726190476191
MagnoliaBridge,24,4,2015-04-19T00:00:00Z,pred_auto.arima,0.0368673997157556,1
MagnoliaBridge,24,4,2015-04-19T00:00:00Z,pred_forecastHybrid,0.044602950217478,1
MagnoliaBridge,24,4,2015-04-19T00:00:00Z,pred_prophet,0.234984901167811,0
MagnoliaBridge,24,4,2014-10-14T00:00:00Z,pred_auto.arima,0.0490787435882955,1
MagnoliaBridge,24,4,2014-10-14T00:00:00Z,pred_forecastHybrid,0.0569900986214639,1
MagnoliaBridge,24,4,2014-10-14T00:00:00Z,pred_prophet,0.151598616288604,0
MagnoliaBridge,24,4,2014-09-06T07:00:00Z,pred_auto.arima,0.127707135445336,0
MagnoliaBridge,24,4,2014-09-06T07:00:00Z,pred_forecastHybrid,0.130231689596509,0
MagnoliaBridge,24,4,2014-09-06T07:00:00Z,pred_prophet,0.16244899776056,0
MagnoliaBridge,24,24,2015-10-28T00:00:00Z,pred_auto.arima,0.0173427225755619,1
MagnoliaBridge,24,24,2015-10-28T00:00:00Z,pred_forecastHybrid,0.0169254401168026,1
MagnoliaBridge,24,24,2015-10-28T00:00:00Z,pred_prophet,0.052700184164771,1
MagnoliaBridge,24,24,2015-07-12T21:00:00Z,pred_auto.arima,0.183312525659493,0.916666666666667
MagnoliaBridge,24,24,2015-07-12T21:00:00Z,pred_forecastHybrid,0.376589056415425,1
MagnoliaBridge,24,24,2015-07-12T21:00:00Z,pred_prophet,0.26255223048437,0
MagnoliaBridge,24,24,2015-02-14T22:00:00Z,pred_auto.arima,0.113350621194216,0.5
MagnoliaBridge,24,24,2015-02-14T22:00:00Z,pred_forecastHybrid,0.0912255208502156,1
MagnoliaBridge,24,24,2015-02-14T22:00:00Z,pred_prophet,0.0946204993238631,0.541666666666667
MagnoliaBridge,24,168,2014-12-14T08:00:00Z,pred_auto.arima,0.243813408536242,0.952380952380952
MagnoliaBridge,24,168,2014-12-14T08:00:00Z,pred_forecastHybrid,0.337334819812,0.952380952380952
MagnoliaBridge,24,168,2014-12-14T08:00:00Z,pred_prophet,1.03465276200742,0.00595238095238095
MagnoliaBridge,24,168,2015-08-22T15:00:00Z,pred_auto.arima,0.0757953765869506,0.851190476190476
MagnoliaBridge,24,168,2015-08-22T15:00:00Z,pred_forecastHybrid,0.900240839569116,1
MagnoliaBridge,24,168,2015-08-22T15:00:00Z,pred_prophet,2.86681032450344,0.738095238095238
MagnoliaBridge,24,168,2015-05-08T03:00:00Z,pred_auto.arima,1.93114108756409,1
MagnoliaBridge,24,168,2015-05-08T03:00:00Z,pred_forecastHybrid,1.20443039286672,1
MagnoliaBridge,24,168,2015-05-08T03:00:00Z,pred_prophet,0.588642094232232,0.178571428571429
MagnoliaBridge,24,672,2014-06-11T00:00:00Z,pred_auto.arima,0.0964056593198047,1
MagnoliaBridge,24,672,2014-06-11T00:00:00Z,pred_forecastHybrid,2.4353223898239,1
MagnoliaBridge,24,672,2014-06-11T00:00:00Z,pred_prophet,2.55963361707403,0.0133928571428571
MagnoliaBridge,24,672,2015-06-07T09:00:00Z,pred_auto.arima,0.332912903241203,0.998511904761905
MagnoliaBridge,24,672,2015-06-07T09:00:00Z,pred_forecastHybrid,7.5644685589712,1
MagnoliaBridge,24,672,2015-06-07T09:00:00Z,pred_prophet,4.06965406394444,0.696428571428571
MagnoliaBridge,24,672,2015-01-12T15:00:00Z,pred_auto.arima,0.0816829164568507,0.629464285714286
MagnoliaBridge,24,672,2015-01-12T15:00:00Z,pred_forecastHybrid,0.194532771616457,0.976190476190476
MagnoliaBridge,24,672,2015-01-12T15:00:00Z,pred_prophet,6.07429628839912,0.816964285714286
MagnoliaBridge,168,4,2014-05-06T12:00:00Z,pred_auto.arima,0.0341324065395675,1
MagnoliaBridge,168,4,2014-05-06T12:00:00Z,pred_forecastHybrid,0.0350994368813437,1
MagnoliaBridge,168,4,2014-05-06T12:00:00Z,pred_prophet,0.0461964936394716,1
MagnoliaBridge,168,4,2015-10-30T08:00:00Z,pred_auto.arima,0.054752617051113,0.25
MagnoliaBridge,168,4,2015-10-30T08:00:00Z,pred_forecastHybrid,0.0656099940073007,0.5
MagnoliaBridge,168,4,2015-10-30T08:00:00Z,pred_prophet,0.0616665229815345,0
MagnoliaBridge,168,4,2014-07-18T16:00:00Z,pred_auto.arima,0.0210994812434524,1
MagnoliaBridge,168,4,2014-07-18T16:00:00Z,pred_forecastHybrid,0.00984676956919296,1
MagnoliaBridge,168,4,2014-07-18T16:00:00Z,pred_prophet,0.0174922177269382,1
MagnoliaBridge,168,24,2015-07-04T15:00:00Z,pred_auto.arima,0.0503128668279797,1
MagnoliaBridge,168,24,2015-07-04T15:00:00Z,pred_forecastHybrid,0.118063689418244,1
MagnoliaBridge,168,24,2015-07-04T15:00:00Z,pred_prophet,0.0459593759286858,1
MagnoliaBridge,168,24,2015-09-09T15:00:00Z,pred_auto.arima,0.0206936572308145,1
MagnoliaBridge,168,24,2015-09-09T15:00:00Z,pred_forecastHybrid,0.115918474359213,1
MagnoliaBridge,168,24,2015-09-09T15:00:00Z,pred_prophet,0.0314490646442861,0.791666666666667
MagnoliaBridge,168,24,2015-02-13T19:00:00Z,pred_auto.arima,0.0323835984105912,0.916666666666667
MagnoliaBridge,168,24,2015-02-13T19:00:00Z,pred_forecastHybrid,0.0312886262903108,1
MagnoliaBridge,168,24,2015-02-13T19:00:00Z,pred_prophet,0.0408363752456971,0.833333333333333
MagnoliaBridge,168,168,2015-03-18T19:00:00Z,pred_auto.arima,0.120383198117496,1
MagnoliaBridge,168,168,2015-03-18T19:00:00Z,pred_forecastHybrid,0.10989120369923,1
MagnoliaBridge,168,168,2015-03-18T19:00:00Z,pred_prophet,0.218538411450041,0.744047619047619
MagnoliaBridge,168,168,2015-01-07T09:00:00Z,pred_auto.arima,0.061448965472802,1
MagnoliaBridge,168,168,2015-01-07T09:00:00Z,pred_forecastHybrid,0.0849881878535453,1
MagnoliaBridge,168,168,2015-01-07T09:00:00Z,pred_prophet,0.265950523264678,0.988095238095238
MagnoliaBridge,168,168,2015-05-04T22:00:00Z,pred_auto.arima,0.0934973319413726,0.839285714285714
MagnoliaBridge,168,168,2015-05-04T22:00:00Z,pred_forecastHybrid,0.107152772502503,1
MagnoliaBridge,168,168,2015-05-04T22:00:00Z,pred_prophet,0.245244239348599,0.648809523809524
MagnoliaBridge,168,672,2015-03-12T00:00:00Z,pred_auto.arima,0.0948806735563129,1
MagnoliaBridge,168,672,2015-03-12T00:00:00Z,pred_forecastHybrid,0.12324080843741,1
MagnoliaBridge,168,672,2015-03-12T00:00:00Z,pred_prophet,0.642016724205066,0.779761904761905
MagnoliaBridge,168,672,2015-04-09T17:00:00Z,pred_auto.arima,0.206990323304726,1
MagnoliaBridge,168,672,2015-04-09T17:00:00Z,pred_forecastHybrid,0.240444897964553,1
MagnoliaBridge,168,672,2015-04-09T17:00:00Z,pred_prophet,0.199832617926209,0.895833333333333
MagnoliaBridge,168,672,2014-10-22T02:00:00Z,pred_auto.arima,0.165660763651082,0.998511904761905
MagnoliaBridge,168,672,2014-10-22T02:00:00Z,pred_forecastHybrid,0.180174193183033,1
MagnoliaBridge,168,672,2014-10-22T02:00:00Z,pred_prophet,0.377142941303704,0.793154761904762
MagnoliaBridge,672,4,2015-03-17T10:00:00Z,pred_auto.arima,0.0402458702782942,1
MagnoliaBridge,672,4,2015-03-17T10:00:00Z,pred_forecastHybrid,0.0408387993601033,1
MagnoliaBridge,672,4,2015-03-17T10:00:00Z,pred_prophet,0.0261781709771184,1
MagnoliaBridge,672,4,2015-03-28T22:00:00Z,pred_auto.arima,0.00404049164944701,1
MagnoliaBridge,672,4,2015-03-28T22:00:00Z,pred_forecastHybrid,0.00483156731451244,1
MagnoliaBridge,672,4,2015-03-28T22:00:00Z,pred_prophet,0.0138356910696073,1
MagnoliaBridge,672,4,2015-09-08T12:00:00Z,pred_auto.arima,0.0689864501060739,0.75
MagnoliaBridge,672,4,2015-09-08T12:00:00Z,pred_forecastHybrid,0.0707789386116764,0.75
MagnoliaBridge,672,4,2015-09-08T12:00:00Z,pred_prophet,0.0117360865574025,1
MagnoliaBridge,672,24,2014-11-27T07:00:00Z,pred_auto.arima,0.0152800700704698,1
MagnoliaBridge,672,24,2014-11-27T07:00:00Z,pred_forecastHybrid,0.0153725271672722,1
MagnoliaBridge,672,24,2014-11-27T07:00:00Z,pred_prophet,0.0578070612941906,0.833333333333333
MagnoliaBridge,672,24,2015-09-09T12:00:00Z,pred_auto.arima,0.151392657413623,1
MagnoliaBridge,672,24,2015-09-09T12:00:00Z,pred_forecastHybrid,0.135636674091244,1
MagnoliaBridge,672,24,2015-09-09T12:00:00Z,pred_prophet,0.0466618837243767,1
MagnoliaBridge,672,24,2014-04-06T02:00:00Z,pred_auto.arima,0.0806517417680126,1
MagnoliaBridge,672,24,2014-04-06T02:00:00Z,pred_forecastHybrid,0.0792586723962726,1
MagnoliaBridge,672,24,2014-04-06T02:00:00Z,pred_prophet,0.05864373288967,0.875
MagnoliaBridge,672,168,2015-06-21T05:00:00Z,pred_auto.arima,0.078344565143418,0.976190476190476
MagnoliaBridge,672,168,2015-06-21T05:00:00Z,pred_forecastHybrid,0.140445891490474,1
MagnoliaBridge,672,168,2015-06-21T05:00:00Z,pred_prophet,0.0765447131597674,0.946428571428571
MagnoliaBridge,672,168,2014-10-04T00:00:00Z,pred_auto.arima,0.0750049505268164,1
MagnoliaBridge,672,168,2014-10-04T00:00:00Z,pred_forecastHybrid,0.0756320769698692,1
MagnoliaBridge,672,168,2014-10-04T00:00:00Z,pred_prophet,0.0479707142639317,0.964285714285714
MagnoliaBridge,672,168,2014-08-02T00:00:00Z,pred_auto.arima,0.0910173994774042,1
MagnoliaBridge,672,168,2014-08-02T00:00:00Z,pred_forecastHybrid,0.0915066151606185,1
MagnoliaBridge,672,168,2014-08-02T00:00:00Z,pred_prophet,0.162365929998299,0.291666666666667
MagnoliaBridge,672,672,2015-10-02T22:00:00Z,pred_auto.arima,0.0583618664683936,1
MagnoliaBridge,672,672,2015-10-02T22:00:00Z,pred_forecastHybrid,0.0585380669685193,1
MagnoliaBridge,672,672,2015-10-02T22:00:00Z,pred_prophet,0.0599505714218957,0.980654761904762
MagnoliaBridge,672,672,2015-01-27T05:00:00Z,pred_auto.arima,0.0764564499650199,1
MagnoliaBridge,672,672,2015-01-27T05:00:00Z,pred_forecastHybrid,0.0807718990780644,1
MagnoliaBridge,672,672,2015-01-27T05:00:00Z,pred_prophet,0.357672909531521,0.763392857142857
MagnoliaBridge,672,672,2014-10-16T20:00:00Z,pred_auto.arima,0.0803124491112796,0.992559523809524
MagnoliaBridge,672,672,2014-10-16T20:00:00Z,pred_forecastHybrid,0.0843756250305354,1
MagnoliaBridge,672,672,2014-10-16T20:00:00Z,pred_prophet,0.10144690346883,0.973214285714286
MagnoliaBridge,2688,4,2014-12-31T14:00:00Z,pred_auto.arima,0.0843166960842306,1
MagnoliaBridge,2688,4,2014-12-31T14:00:00Z,pred_forecastHybrid,0.0867212966924497,1
MagnoliaBridge,2688,4,2014-12-31T14:00:00Z,pred_prophet,0.111757292380432,1
MagnoliaBridge,2688,4,2015-02-20T09:00:00Z,pred_auto.arima,0.0268401539070309,1
MagnoliaBridge,2688,4,2015-02-20T09:00:00Z,pred_forecastHybrid,0.0294153648126331,1
MagnoliaBridge,2688,4,2015-02-20T09:00:00Z,pred_prophet,0.0394053166751768,1
MagnoliaBridge,2688,4,2014-09-05T22:00:00Z,pred_auto.arima,0.00941374810797936,1
MagnoliaBridge,2688,4,2014-09-05T22:00:00Z,pred_forecastHybrid,0.0108397993459013,1
MagnoliaBridge,2688,4,2014-09-05T22:00:00Z,pred_prophet,0.0687800843268018,1
MagnoliaBridge,2688,24,2015-03-20T20:00:00Z,pred_auto.arima,0.0297344704376435,1
MagnoliaBridge,2688,24,2015-03-20T20:00:00Z,pred_forecastHybrid,0.0323993970629316,1
MagnoliaBridge,2688,24,2015-03-20T20:00:00Z,pred_prophet,0.0415203974674332,1
MagnoliaBridge,2688,24,2015-08-29T15:00:00Z,pred_auto.arima,0.141693270488286,1
MagnoliaBridge,2688,24,2015-08-29T15:00:00Z,pred_forecastHybrid,0.1301315595019,1
MagnoliaBridge,2688,24,2015-08-29T15:00:00Z,pred_prophet,0.122486292206815,0.916666666666667
MagnoliaBridge,2688,24,2015-01-07T10:00:00Z,pred_auto.arima,0.0604119814604318,1
MagnoliaBridge,2688,24,2015-01-07T10:00:00Z,pred_forecastHybrid,0.0607301557014213,1
MagnoliaBridge,2688,24,2015-01-07T10:00:00Z,pred_prophet,0.0669056750539094,1
MagnoliaBridge,2688,168,2015-05-08T14:00:00Z,pred_auto.arima,0.0965153143455757,0.940476190476191
MagnoliaBridge,2688,168,2015-05-08T14:00:00Z,pred_forecastHybrid,0.174794102539233,1
MagnoliaBridge,2688,168,2015-05-08T14:00:00Z,pred_prophet,0.0661991737148166,0.886904761904762
MagnoliaBridge,2688,168,2015-04-27T04:00:00Z,pred_auto.arima,0.0866116105015989,0.958333333333333
MagnoliaBridge,2688,168,2015-04-27T04:00:00Z,pred_forecastHybrid,0.0867785638658596,0.982142857142857
MagnoliaBridge,2688,168,2015-04-27T04:00:00Z,pred_prophet,0.0694967633896123,0.845238095238095
MagnoliaBridge,2688,168,2014-12-22T00:00:00Z,pred_auto.arima,0.123605510324968,1
MagnoliaBridge,2688,168,2014-12-22T00:00:00Z,pred_forecastHybrid,0.120857897273757,1
MagnoliaBridge,2688,168,2014-12-22T00:00:00Z,pred_prophet,0.207628795592008,0.517857142857143
MagnoliaBridge,2688,672,2014-10-09T12:00:00Z,pred_auto.arima,0.0850131280552105,1
MagnoliaBridge,2688,672,2014-10-09T12:00:00Z,pred_forecastHybrid,0.0811921226326479,1
MagnoliaBridge,2688,672,2014-10-09T12:00:00Z,pred_prophet,0.0660036367045077,0.997023809523809
MagnoliaBridge,2688,672,2014-11-16T08:00:00Z,pred_auto.arima,0.233120737485202,0.992559523809524
MagnoliaBridge,2688,672,2014-11-16T08:00:00Z,pred_forecastHybrid,0.24260325132668,0.992559523809524
MagnoliaBridge,2688,672,2014-11-16T08:00:00Z,pred_prophet,0.282305898711941,0.354166666666667
MagnoliaBridge,2688,672,2015-01-14T20:00:00Z,pred_auto.arima,0.0891443043576957,1
MagnoliaBridge,2688,672,2015-01-14T20:00:00Z,pred_forecastHybrid,0.093037591443844,1
MagnoliaBridge,2688,672,2015-01-14T20:00:00Z,pred_prophet,0.112174727323707,0.982142857142857
NE45StViaduct,24,4,2014-03-17T05:00:00Z,pred_auto.arima,0.0304012788550179,0.75
NE45StViaduct,24,4,2014-03-17T05:00:00Z,pred_forecastHybrid,0.026735715334465,1
NE45StViaduct,24,4,2014-03-17T05:00:00Z,pred_prophet,0.0294284029357155,0.5
NE45StViaduct,24,4,2014-07-01T01:00:00Z,pred_auto.arima,0.00949130380703312,1
NE45StViaduct,24,4,2014-07-01T01:00:00Z,pred_forecastHybrid,0.0157943791479242,1
NE45StViaduct,24,4,2014-07-01T01:00:00Z,pred_prophet,0.229957987171787,0
NE45StViaduct,24,4,2014-12-26T03:00:00Z,pred_auto.arima,0.0401407325302464,1
NE45StViaduct,24,4,2014-12-26T03:00:00Z,pred_forecastHybrid,0.0150878441882562,1
NE45StViaduct,24,4,2014-12-26T03:00:00Z,pred_prophet,0.00537154000457163,1
NE45StViaduct,24,24,2014-06-10T04:00:00Z,pred_auto.arima,0.0342583979376658,1
NE45StViaduct,24,24,2014-06-10T04:00:00Z,pred_forecastHybrid,0.132937892408816,1
NE45StViaduct,24,24,2014-06-10T04:00:00Z,pred_prophet,0.330320518455411,0.0416666666666667
NE45StViaduct,24,24,2014-08-14T20:00:00Z,pred_auto.arima,0.118930626501719,1
NE45StViaduct,24,24,2014-08-14T20:00:00Z,pred_forecastHybrid,0.0478642257219479,1
NE45StViaduct,24,24,2014-08-14T20:00:00Z,pred_prophet,0.0671705124189359,0.666666666666667
NE45StViaduct,24,24,2014-03-14T18:00:00Z,pred_auto.arima,0.0959974170100027,1
NE45StViaduct,24,24,2014-03-14T18:00:00Z,pred_forecastHybrid,0.108860830098231,1
NE45StViaduct,24,24,2014-03-14T18:00:00Z,pred_prophet,0.242931814683834,0.0416666666666667
NE45StViaduct,24,168,2014-08-23T23:00:00Z,pred_auto.arima,0.109444569584455,1
NE45StViaduct,24,168,2014-08-23T23:00:00Z,pred_forecastHybrid,1.04175525921676,1
NE45StViaduct,24,168,2014-08-23T23:00:00Z,pred_prophet,1.13326458702479,0
NE45StViaduct,24,168,2015-10-17T16:00:00Z,pred_auto.arima,0.117273594303261,0.690476190476191
NE45StViaduct,24,168,2015-10-17T16:00:00Z,pred_forecastHybrid,0.118130852199926,1
NE45StViaduct,24,168,2015-10-17T16:00:00Z,pred_prophet,1.99122970607668,0.660714285714286
NE45StViaduct,24,168,2014-04-28T08:00:00Z,pred_auto.arima,1.30145450297719,0.994047619047619
NE45StViaduct,24,168,2014-04-28T08:00:00Z,pred_forecastHybrid,0.865545047781714,1
NE45StViaduct,24,168,2014-04-28T08:00:00Z,pred_prophet,0.837760214318688,0.744047619047619
NE45StViaduct,24,672,2015-01-29T02:00:00Z,pred_auto.arima,0.0944129353739027,0.732142857142857
NE45StViaduct,24,672,2015-01-29T02:00:00Z,pred_forecastHybrid,0.245877728342228,0.997023809523809
NE45StViaduct,24,672,2015-01-29T02:00:00Z,pred_prophet,6.0401963906565,0.916666666666667
NE45StViaduct,24,672,2015-08-09T10:00:00Z,pred_auto.arima,0.627099294411591,0.998511904761905
NE45StViaduct,24,672,2015-08-09T10:00:00Z,pred_forecastHybrid,6.49835102999053,1
NE45StViaduct,24,672,2015-08-09T10:00:00Z,pred_prophet,2.2940915409556,0.113095238095238
NE45StViaduct,24,672,2015-01-05T05:00:00Z,pred_auto.arima,4.43156636920343,0.00892857142857143
NE45StViaduct,24,672,2015-01-05T05:00:00Z,pred_forecastHybrid,3.97283479558832,0.0282738095238095
NE45StViaduct,24,672,2015-01-05T05:00:00Z,pred_prophet,3.73540872094273,0.845238095238095
NE45StViaduct,168,4,2015-06-28T11:00:00Z,pred_auto.arima,0.0971271928147747,0.5
NE45StViaduct,168,4,2015-06-28T11:00:00Z,pred_forecastHybrid,0.0845630611622436,1
NE45StViaduct,168,4,2015-06-28T11:00:00Z,pred_prophet,0.107139160304844,0.5
NE45StViaduct,168,4,2015-09-18T18:00:00Z,pred_auto.arima,0.0190073707564875,1
NE45StViaduct,168,4,2015-09-18T18:00:00Z,pred_forecastHybrid,0.0211464711956673,1
NE45StViaduct,168,4,2015-09-18T18:00:00Z,pred_prophet,0.0699423529315428,0
NE45StViaduct,168,4,2015-07-22T15:00:00Z,pred_auto.arima,0.0319934119390574,1
NE45StViaduct,168,4,2015-07-22T15:00:00Z,pred_forecastHybrid,0.027291338650178,1
NE45StViaduct,168,4,2015-07-22T15:00:00Z,pred_prophet,0.00759374457097042,1
NE45StViaduct,168,24,2014-10-10T23:00:00Z,pred_auto.arima,0.0607054115933669,0.875
NE45StViaduct,168,24,2014-10-10T23:00:00Z,pred_forecastHybrid,0.0389695157716936,1
NE45StViaduct,168,24,2014-10-10T23:00:00Z,pred_prophet,0.0595833611667446,0.5
NE45StViaduct,168,24,2015-02-10T00:00:00Z,pred_auto.arima,0.0363466401577196,1
NE45StViaduct,168,24,2015-02-10T00:00:00Z,pred_forecastHybrid,0.037028601557943,1
NE45StViaduct,168,24,2015-02-10T00:00:00Z,pred_prophet,0.036803060943756,0.875
NE45StViaduct,168,24,2015-01-23T11:00:00Z,pred_auto.arima,0.076077244702939,1
NE45StViaduct,168,24,2015-01-23T11:00:00Z,pred_forecastHybrid,0.0724855172248565,1
NE45StViaduct,168,24,2015-01-23T11:00:00Z,pred_prophet,0.0466192727274697,1
NE45StViaduct,168,168,2014-05-10T02:00:00Z,pred_auto.arima,0.154601221720273,0.43452380952381
NE45StViaduct,168,168,2014-05-10T02:00:00Z,pred_forecastHybrid,0.202072713083972,1
NE45StViaduct,168,168,2014-05-10T02:00:00Z,pred_prophet,0.318449334893015,0.119047619047619
NE45StViaduct,168,168,2014-11-17T09:00:00Z,pred_auto.arima,0.102772592868534,1
NE45StViaduct,168,168,2014-11-17T09:00:00Z,pred_forecastHybrid,0.178573173288585,1
NE45StViaduct,168,168,2014-11-17T09:00:00Z,pred_prophet,0.0778888220157895,0.767857142857143
NE45StViaduct,168,168,2015-02-11T22:00:00Z,pred_auto.arima,0.0951832865674491,1
NE45StViaduct,168,168,2015-02-11T22:00:00Z,pred_forecastHybrid,0.0945240486891513,1
NE45StViaduct,168,168,2015-02-11T22:00:00Z,pred_prophet,0.223955733301321,0.0535714285714286
NE45StViaduct,168,672,2014-12-14T11:00:00Z,pred_auto.arima,0.174645724498572,1
NE45StViaduct,168,672,2014-12-14T11:00:00Z,pred_forecastHybrid,0.168025916628618,1
NE45StViaduct,168,672,2014-12-14T11:00:00Z,pred_prophet,1.72412323536876,0.0729166666666667
NE45StViaduct,168,672,2014-03-23T17:00:00Z,pred_auto.arima,0.122242126137493,0.766369047619048
NE45StViaduct,168,672,2014-03-23T17:00:00Z,pred_forecastHybrid,0.0876065316363884,1
NE45StViaduct,168,672,2014-03-23T17:00:00Z,pred_prophet,0.81702744840253,0.0431547619047619
NE45StViaduct,168,672,2015-06-05T20:00:00Z,pred_auto.arima,0.127593150976174,0.721726190476191
NE45StViaduct,168,672,2015-06-05T20:00:00Z,pred_forecastHybrid,0.0967343306701785,1
NE45StViaduct,168,672,2015-06-05T20:00:00Z,pred_prophet,0.955082017847158,0.319940476190476
NE45StViaduct,672,4,2014-09-14T00:00:00Z,pred_auto.arima,0.0116129205659383,1
NE45StViaduct,672,4,2014-09-14T00:00:00Z,pred_forecastHybrid,0.02725142308298,1
NE45StViaduct,672,4,2014-09-14T00:00:00Z,pred_prophet,0.0375620367905581,1
NE45StViaduct,672,4,2014-05-21T21:00:00Z,pred_auto.arima,0.0169878079642604,1
NE45StViaduct,672,4,2014-05-21T21:00:00Z,pred_forecastHybrid,0.0119161826040864,1
NE45StViaduct,672,4,2014-05-21T21:00:00Z,pred_prophet,0.0189869251503235,1
NE45StViaduct,672,4,2014-05-31T05:00:00Z,pred_auto.arima,0.0341016844830265,1
NE45StViaduct,672,4,2014-05-31T05:00:00Z,pred_forecastHybrid,0.0607280645284047,1
NE45StViaduct,672,4,2014-05-31T05:00:00Z,pred_prophet,0.0875117353944607,0.75
NE45StViaduct,672,24,2014-05-06T18:00:00Z,pred_auto.arima,0.158008339319663,1
NE45StViaduct,672,24,2014-05-06T18:00:00Z,pred_forecastHybrid,0.151938019068698,1
NE45StViaduct,672,24,2014-05-06T18:00:00Z,pred_prophet,0.115600330650099,0.708333333333333
NE45StViaduct,672,24,2015-03-29T22:00:00Z,pred_auto.arima,0.049711890105578,1
NE45StViaduct,672,24,2015-03-29T22:00:00Z,pred_forecastHybrid,0.0499190299481394,1
NE45StViaduct,672,24,2015-03-29T22:00:00Z,pred_prophet,0.0780242769313092,0.875
NE45StViaduct,672,24,2014-10-23T15:00:00Z,pred_auto.arima,0.0619086530340958,0.916666666666667
NE45StViaduct,672,24,2014-10-23T15:00:00Z,pred_forecastHybrid,0.0755437237575526,0.958333333333333
NE45StViaduct,672,24,2014-10-23T15:00:00Z,pred_prophet,0.0654151130442495,0.75
NE45StViaduct,672,168,2014-09-27T10:00:00Z,pred_auto.arima,0.118916942937962,0.952380952380952
NE45StViaduct,672,168,2014-09-27T10:00:00Z,pred_forecastHybrid,0.0975908873257348,0.988095238095238
NE45StViaduct,672,168,2014-09-27T10:00:00Z,pred_prophet,0.0542873178516031,0.904761904761905
NE45StViaduct,672,168,2014-04-13T11:00:00Z,pred_auto.arima,0.310355572739375,1
NE45StViaduct,672,168,2014-04-13T11:00:00Z,pred_forecastHybrid,0.34305120845146,1
NE45StViaduct,672,168,2014-04-13T11:00:00Z,pred_prophet,0.0929253197133025,0.666666666666667
NE45StViaduct,672,168,2015-10-18T16:00:00Z,pred_auto.arima,0.0970536579014892,0.952380952380952
NE45StViaduct,672,168,2015-10-18T16:00:00Z,pred_forecastHybrid,0.0929336394543985,1
NE45StViaduct,672,168,2015-10-18T16:00:00Z,pred_prophet,0.0567409925363242,0.886904761904762
NE45StViaduct,672,672,2015-02-04T01:00:00Z,pred_auto.arima,0.122761163657841,1
NE45StViaduct,672,672,2015-02-04T01:00:00Z,pred_forecastHybrid,0.127075431460559,1
NE45StViaduct,672,672,2015-02-04T01:00:00Z,pred_prophet,0.236368993100923,0.691964285714286
NE45StViaduct,672,672,2014-09-05T09:00:00Z,pred_auto.arima,0.276262996474223,1
NE45StViaduct,672,672,2014-09-05T09:00:00Z,pred_forecastHybrid,0.226740678437958,1
NE45StViaduct,672,672,2014-09-05T09:00:00Z,pred_prophet,0.156970986267355,0.941964285714286
NE45StViaduct,672,672,2015-06-28T10:00:00Z,pred_auto.arima,0.181996893971162,0.997023809523809
NE45StViaduct,672,672,2015-06-28T10:00:00Z,pred_forecastHybrid,0.177387082502328,0.998511904761905
NE45StViaduct,672,672,2015-06-28T10:00:00Z,pred_prophet,0.419870316481718,0.971726190476191
NE45StViaduct,2688,4,2015-08-29T13:00:00Z,pred_auto.arima,0.0216300843446712,1
NE45StViaduct,2688,4,2015-08-29T13:00:00Z,pred_forecastHybrid,0.0264035471262117,1
NE45StViaduct,2688,4,2015-08-29T13:00:00Z,pred_prophet,0.0703134663741084,1
NE45StViaduct,2688,4,2015-05-04T10:00:00Z,pred_auto.arima,0.026912420700657,1
NE45StViaduct,2688,4,2015-05-04T10:00:00Z,pred_forecastHybrid,0.0379812224309507,1
NE45StViaduct,2688,4,2015-05-04T10:00:00Z,pred_prophet,0.0296401580497351,1
NE45StViaduct,2688,4,2014-11-29T23:00:00Z,pred_auto.arima,0.0183088260919702,1
NE45StViaduct,2688,4,2014-11-29T23:00:00Z,pred_forecastHybrid,0.019692923975111,1
NE45StViaduct,2688,4,2014-11-29T23:00:00Z,pred_prophet,0.590311292562119,0
NE45StViaduct,2688,24,2015-04-18T06:00:00Z,pred_auto.arima,0.214435380423027,0.5
NE45StViaduct,2688,24,2015-04-18T06:00:00Z,pred_forecastHybrid,0.216006284396466,0.583333333333333
NE45StViaduct,2688,24,2015-04-18T06:00:00Z,pred_prophet,0.107228169298898,0.5
NE45StViaduct,2688,24,2015-10-08T07:00:00Z,pred_auto.arima,0.034729328034423,1
NE45StViaduct,2688,24,2015-10-08T07:00:00Z,pred_forecastHybrid,0.0511335764288482,1
NE45StViaduct,2688,24,2015-10-08T07:00:00Z,pred_prophet,0.0502547695247039,1
NE45StViaduct,2688,24,2015-06-10T08:00:00Z,pred_auto.arima,0.0226992637935457,1
NE45StViaduct,2688,24,2015-06-10T08:00:00Z,pred_forecastHybrid,0.0243565334527805,1
NE45StViaduct,2688,24,2015-06-10T08:00:00Z,pred_prophet,0.118595543737754,0.416666666666667
NE45StViaduct,2688,168,2014-08-19T06:00:00Z,pred_auto.arima,0.107743543637996,1
NE45StViaduct,2688,168,2014-08-19T06:00:00Z,pred_forecastHybrid,0.0840853734211746,1
NE45StViaduct,2688,168,2014-08-19T06:00:00Z,pred_prophet,0.0595659681099403,0.886904761904762
NE45StViaduct,2688,168,2015-01-04T00:00:00Z,pred_auto.arima,0.0985499919602288,1
NE45StViaduct,2688,168,2015-01-04T00:00:00Z,pred_forecastHybrid,0.0988358377819229,1
NE45StViaduct,2688,168,2015-01-04T00:00:00Z,pred_prophet,0.252490440611791,0.351190476190476
NE45StViaduct,2688,168,2014-12-06T16:00:00Z,pred_auto.arima,0.0750637116098244,1
NE45StViaduct,2688,168,2014-12-06T16:00:00Z,pred_forecastHybrid,0.0785854960567551,1
NE45StViaduct,2688,168,2014-12-06T16:00:00Z,pred_prophet,0.164043904310879,0.666666666666667
NE45StViaduct,2688,672,2014-10-24T16:00:00Z,pred_auto.arima,0.216256219551803,1
NE45StViaduct,2688,672,2014-10-24T16:00:00Z,pred_forecastHybrid,0.213705868938764,1
NE45StViaduct,2688,672,2014-10-24T16:00:00Z,pred_prophet,0.192135333166276,0.947916666666667
NE45StViaduct,2688,672,2015-08-14T00:00:00Z,pred_auto.arima,0.0859471237580626,1
NE45StViaduct,2688,672,2015-08-14T00:00:00Z,pred_forecastHybrid,0.0984278208524572,1
NE45StViaduct,2688,672,2015-08-14T00:00:00Z,pred_prophet,0.165162609433117,0.941964285714286
NE45StViaduct,2688,672,2014-07-26T19:00:00Z,pred_auto.arima,0.088583004849513,0.991071428571429
NE45StViaduct,2688,672,2014-07-26T19:00:00Z,pred_forecastHybrid,0.085397185454704,1
NE45StViaduct,2688,672,2014-07-26T19:00:00Z,pred_prophet,0.128830416675109,0.842261904761905
RooseveltWay_NE80thSt,24,4,2014-12-16T13:00:00Z,pred_auto.arima,0.0365864589560992,0.5
RooseveltWay_NE80thSt,24,4,2014-12-16T13:00:00Z,pred_forecastHybrid,0.0451971728250412,0.75
RooseveltWay_NE80thSt,24,4,2014-12-16T13:00:00Z,pred_prophet,0.0663415632699869,0.25
RooseveltWay_NE80thSt,24,4,2014-08-28T20:00:00Z,pred_auto.arima,0.0277802084698141,1
RooseveltWay_NE80thSt,24,4,2014-08-28T20:00:00Z,pred_forecastHybrid,0.0248898508808494,1
RooseveltWay_NE80thSt,24,4,2014-08-28T20:00:00Z,pred_prophet,0.0994885076401769,0
RooseveltWay_NE80thSt,24,4,2015-08-29T00:00:00Z,pred_auto.arima,0.0687751328818281,1
RooseveltWay_NE80thSt,24,4,2015-08-29T00:00:00Z,pred_forecastHybrid,0.0390949072349777,1
RooseveltWay_NE80thSt,24,4,2015-08-29T00:00:00Z,pred_prophet,0.147244279152951,1
RooseveltWay_NE80thSt,24,24,2015-05-04T20:00:00Z,pred_auto.arima,0.0833994203159869,1
RooseveltWay_NE80thSt,24,24,2015-05-04T20:00:00Z,pred_forecastHybrid,0.0797409677710422,1
RooseveltWay_NE80thSt,24,24,2015-05-04T20:00:00Z,pred_prophet,0.55435290710811,0.0833333333333333
RooseveltWay_NE80thSt,24,24,2014-05-06T07:00:00Z,pred_auto.arima,0.11088210525563,0.666666666666667
RooseveltWay_NE80thSt,24,24,2014-05-06T07:00:00Z,pred_forecastHybrid,0.135292007743058,0.791666666666667
RooseveltWay_NE80thSt,24,24,2014-05-06T07:00:00Z,pred_prophet,0.202538551429417,0.333333333333333
RooseveltWay_NE80thSt,24,24,2014-10-03T11:00:00Z,pred_auto.arima,0.108971712332642,1
RooseveltWay_NE80thSt,24,24,2014-10-03T11:00:00Z,pred_forecastHybrid,0.524174196463757,1
RooseveltWay_NE80thSt,24,24,2014-10-03T11:00:00Z,pred_prophet,0.377244475633471,0
RooseveltWay_NE80thSt,24,168,2015-03-06T21:00:00Z,pred_auto.arima,0.106196558794125,1
RooseveltWay_NE80thSt,24,168,2015-03-06T21:00:00Z,pred_forecastHybrid,0.584433273785846,1
RooseveltWay_NE80thSt,24,168,2015-03-06T21:00:00Z,pred_prophet,0.890885607989049,0.0654761904761905
RooseveltWay_NE80thSt,24,168,2014-06-16T13:00:00Z,pred_auto.arima,11.7353402801063,0.875
RooseveltWay_NE80thSt,24,168,2014-06-16T13:00:00Z,pred_forecastHybrid,7.70506603529784,1
RooseveltWay_NE80thSt,24,168,2014-06-16T13:00:00Z,pred_prophet,0.963118387538111,0.00595238095238095
RooseveltWay_NE80thSt,24,168,2015-09-30T06:00:00Z,pred_auto.arima,0.101215710417023,0.982142857142857
RooseveltWay_NE80thSt,24,168,2015-09-30T06:00:00Z,pred_forecastHybrid,0.222419346809595,1
RooseveltWay_NE80thSt,24,168,2015-09-30T06:00:00Z,pred_prophet,0.469643391579222,0.410714285714286
RooseveltWay_NE80thSt,24,672,2014-07-05T10:00:00Z,pred_auto.arima,0.19771275911504,1
RooseveltWay_NE80thSt,24,672,2014-07-05T10:00:00Z,pred_forecastHybrid,5.90908654190333,1
RooseveltWay_NE80thSt,24,672,2014-07-05T10:00:00Z,pred_prophet,5.80490600102496,0
RooseveltWay_NE80thSt,24,672,2014-10-15T16:00:00Z,pred_auto.arima,2.39926879979028,0.992559523809524
RooseveltWay_NE80thSt,24,672,2014-10-15T16:00:00Z,pred_forecastHybrid,0.59938405970389,1
RooseveltWay_NE80thSt,24,672,2014-10-15T16:00:00Z,pred_prophet,1.37592722097538,0.976190476190476
RooseveltWay_NE80thSt,24,672,2015-07-01T15:00:00Z,pred_auto.arima,0.204816581780658,0.947916666666667
RooseveltWay_NE80thSt,24,672,2015-07-01T15:00:00Z,pred_forecastHybrid,5.40321610151872,0.992559523809524
RooseveltWay_NE80thSt,24,672,2015-07-01T15:00:00Z,pred_prophet,5.06261368520305,0.0148809523809524
RooseveltWay_NE80thSt,168,4,2014-04-06T23:00:00Z,pred_auto.arima,0.0124185390469089,1
RooseveltWay_NE80thSt,168,4,2014-04-06T23:00:00Z,pred_forecastHybrid,0.00436591202483717,1
RooseveltWay_NE80thSt,168,4,2014-04-06T23:00:00Z,pred_prophet,0.110493636824655,1
RooseveltWay_NE80thSt,168,4,2014-10-14T14:00:00Z,pred_auto.arima,0.0302098100514021,1
RooseveltWay_NE80thSt,168,4,2014-10-14T14:00:00Z,pred_forecastHybrid,0.0150768652416556,1
RooseveltWay_NE80thSt,168,4,2014-10-14T14:00:00Z,pred_prophet,0.0531771825090068,0.75
RooseveltWay_NE80thSt,168,4,2015-06-19T16:00:00Z,pred_auto.arima,0.0190590822174347,1
RooseveltWay_NE80thSt,168,4,2015-06-19T16:00:00Z,pred_forecastHybrid,0.0646245155339157,1
RooseveltWay_NE80thSt,168,4,2015-06-19T16:00:00Z,pred_prophet,0.018325589250897,1
RooseveltWay_NE80thSt,168,24,2015-10-15T19:00:00Z,pred_auto.arima,0.107218282820348,1
RooseveltWay_NE80thSt,168,24,2015-10-15T19:00:00Z,pred_forecastHybrid,0.107429983000509,1
RooseveltWay_NE80thSt,168,24,2015-10-15T19:00:00Z,pred_prophet,0.051522206918121,0.708333333333333
RooseveltWay_NE80thSt,168,24,2014-11-26T22:00:00Z,pred_auto.arima,0.0176609876769273,1
RooseveltWay_NE80thSt,168,24,2014-11-26T22:00:00Z,pred_forecastHybrid,0.0179460824319969,1
RooseveltWay_NE80thSt,168,24,2014-11-26T22:00:00Z,pred_prophet,0.0975431683059125,0.0416666666666667
RooseveltWay_NE80thSt,168,24,2015-10-22T06:00:00Z,pred_auto.arima,0.095577409010797,1
RooseveltWay_NE80thSt,168,24,2015-10-22T06:00:00Z,pred_forecastHybrid,0.0752841529698487,1
RooseveltWay_NE80thSt,168,24,2015-10-22T06:00:00Z,pred_prophet,0.0288245137243254,1
RooseveltWay_NE80thSt,168,168,2015-04-29T09:00:00Z,pred_auto.arima,0.127366163711612,0.839285714285714
RooseveltWay_NE80thSt,168,168,2015-04-29T09:00:00Z,pred_forecastHybrid,0.134094133076962,0.976190476190476
RooseveltWay_NE80thSt,168,168,2015-04-29T09:00:00Z,pred_prophet,0.581972898759727,0.130952380952381
RooseveltWay_NE80thSt,168,168,2015-05-30T09:00:00Z,pred_auto.arima,0.180373863982213,0.982142857142857
RooseveltWay_NE80thSt,168,168,2015-05-30T09:00:00Z,pred_forecastHybrid,0.212784508399156,1
RooseveltWay_NE80thSt,168,168,2015-05-30T09:00:00Z,pred_prophet,0.247018128715638,0.303571428571429
RooseveltWay_NE80thSt,168,168,2015-08-25T06:00:00Z,pred_auto.arima,0.121513646828075,0.964285714285714
RooseveltWay_NE80thSt,168,168,2015-08-25T06:00:00Z,pred_forecastHybrid,0.0943778167946272,0.988095238095238
RooseveltWay_NE80thSt,168,168,2015-08-25T06:00:00Z,pred_prophet,0.0836075731430816,0.952380952380952
RooseveltWay_NE80thSt,168,672,2015-01-09T09:00:00Z,pred_auto.arima,0.104724996473382,0.994047619047619
RooseveltWay_NE80thSt,168,672,2015-01-09T09:00:00Z,pred_forecastHybrid,0.076704716298498,0.998511904761905
RooseveltWay_NE80thSt,168,672,2015-01-09T09:00:00Z,pred_prophet,0.80233505062951,0.918154761904762
RooseveltWay_NE80thSt,168,672,2014-07-09T10:00:00Z,pred_auto.arima,0.136950645325722,0.915178571428571
RooseveltWay_NE80thSt,168,672,2014-07-09T10:00:00Z,pred_forecastHybrid,10.5043750791775,1
RooseveltWay_NE80thSt,168,672,2014-07-09T10:00:00Z,pred_prophet,0.279928529892423,0.947916666666667
RooseveltWay_NE80thSt,168,672,2015-06-18T09:00:00Z,pred_auto.arima,0.116696850671632,0.998511904761905
RooseveltWay_NE80thSt,168,672,2015-06-18T09:00:00Z,pred_forecastHybrid,0.161236142446033,0.998511904761905
RooseveltWay_NE80thSt,168,672,2015-06-18T09:00:00Z,pred_prophet,0.297593191172952,0.934523809523809
RooseveltWay_NE80thSt,672,4,2015-01-08T08:00:00Z,pred_auto.arima,0.0183850926195,1
RooseveltWay_NE80thSt,672,4,2015-01-08T08:00:00Z,pred_forecastHybrid,0.0300416753411495,1
RooseveltWay_NE80thSt,672,4,2015-01-08T08:00:00Z,pred_prophet,0.0806890058278346,0.25
RooseveltWay_NE80thSt,672,4,2015-02-20T16:00:00Z,pred_auto.arima,0.00285396499089749,1
RooseveltWay_NE80thSt,672,4,2015-02-20T16:00:00Z,pred_forecastHybrid,0.0209260104772524,1
RooseveltWay_NE80thSt,672,4,2015-02-20T16:00:00Z,pred_prophet,0.0325888430746234,1
RooseveltWay_NE80thSt,672,4,2014-12-01T09:00:00Z,pred_auto.arima,0.15337918298247,0.25
RooseveltWay_NE80thSt,672,4,2014-12-01T09:00:00Z,pred_forecastHybrid,0.16438937222728,0.75
RooseveltWay_NE80thSt,672,4,2014-12-01T09:00:00Z,pred_prophet,0.0732895760877824,1
RooseveltWay_NE80thSt,672,24,2015-11-01T17:00:00Z,pred_auto.arima,0.0279910099686264,1
RooseveltWay_NE80thSt,672,24,2015-11-01T17:00:00Z,pred_forecastHybrid,0.0261785117309176,1
RooseveltWay_NE80thSt,672,24,2015-11-01T17:00:00Z,pred_prophet,0.0772854463593255,0.625
RooseveltWay_NE80thSt,672,24,2015-09-16T22:00:00Z,pred_auto.arima,0.0920584638867294,1
RooseveltWay_NE80thSt,672,24,2015-09-16T22:00:00Z,pred_forecastHybrid,0.0788572423055003,1
RooseveltWay_NE80thSt,672,24,2015-09-16T22:00:00Z,pred_prophet,0.113354633738609,0.708333333333333
RooseveltWay_NE80thSt,672,24,2015-02-10T09:00:00Z,pred_auto.arima,0.0666069144168557,0.958333333333333
RooseveltWay_NE80thSt,672,24,2015-02-10T09:00:00Z,pred_forecastHybrid,0.0641727569215384,1
RooseveltWay_NE80thSt,672,24,2015-02-10T09:00:00Z,pred_prophet,0.0255805942801397,0.875
RooseveltWay_NE80thSt,672,168,2015-09-29T14:00:00Z,pred_auto.arima,0.0982653921619994,0.976190476190476
RooseveltWay_NE80thSt,672,168,2015-09-29T14:00:00Z,pred_forecastHybrid,0.344494309923981,0.988095238095238
RooseveltWay_NE80thSt,672,168,2015-09-29T14:00:00Z,pred_prophet,0.0618370672777727,0.952380952380952
RooseveltWay_NE80thSt,672,168,2014-07-22T21:00:00Z,pred_auto.arima,0.131143864089056,1
RooseveltWay_NE80thSt,672,168,2014-07-22T21:00:00Z,pred_forecastHybrid,0.130528136209965,1
RooseveltWay_NE80thSt,672,168,2014-07-22T21:00:00Z,pred_prophet,0.257070217676666,0.25
RooseveltWay_NE80thSt,672,168,2014-07-13T23:00:00Z,pred_auto.arima,0.132068887867037,1
RooseveltWay_NE80thSt,672,168,2014-07-13T23:00:00Z,pred_forecastHybrid,0.131653404972005,1
RooseveltWay_NE80thSt,672,168,2014-07-13T23:00:00Z,pred_prophet,0.218886341811557,0.226190476190476
RooseveltWay_NE80thSt,672,672,2014-10-23T17:00:00Z,pred_auto.arima,0.173222967309119,1
RooseveltWay_NE80thSt,672,672,2014-10-23T17:00:00Z,pred_forecastHybrid,0.157917721306008,1
RooseveltWay_NE80thSt,672,672,2014-10-23T17:00:00Z,pred_prophet,0.123508707794741,0.967261904761905
RooseveltWay_NE80thSt,672,672,2015-09-16T12:00:00Z,pred_auto.arima,0.122840929555006,1
RooseveltWay_NE80thSt,672,672,2015-09-16T12:00:00Z,pred_forecastHybrid,0.348992742616045,1
RooseveltWay_NE80thSt,672,672,2015-09-16T12:00:00Z,pred_prophet,0.203669486247345,0.974702380952381
RooseveltWay_NE80thSt,672,672,2014-07-29T00:00:00Z,pred_auto.arima,0.139386950662347,1
RooseveltWay_NE80thSt,672,672,2014-07-29T00:00:00Z,pred_forecastHybrid,0.101435397028741,1
RooseveltWay_NE80thSt,672,672,2014-07-29T00:00:00Z,pred_prophet,0.64781450992789,0.522321428571429
RooseveltWay_NE80thSt,2688,4,2015-09-27T07:00:00Z,pred_auto.arima,0.0413769786875733,1
RooseveltWay_NE80thSt,2688,4,2015-09-27T07:00:00Z,pred_forecastHybrid,0.0656786752717976,1
RooseveltWay_NE80thSt,2688,4,2015-09-27T07:00:00Z,pred_prophet,0.0428273135504654,1
RooseveltWay_NE80thSt,2688,4,2015-01-18T14:00:00Z,pred_auto.arima,0.0473024363732196,1
RooseveltWay_NE80thSt,2688,4,2015-01-18T14:00:00Z,pred_forecastHybrid,0.0395966307725163,1
RooseveltWay_NE80thSt,2688,4,2015-01-18T14:00:00Z,pred_prophet,0.0177610365694374,1
RooseveltWay_NE80thSt,2688,4,2015-06-01T20:00:00Z,pred_auto.arima,0.0572311736447275,1
RooseveltWay_NE80thSt,2688,4,2015-06-01T20:00:00Z,pred_forecastHybrid,0.0200020564162546,1
RooseveltWay_NE80thSt,2688,4,2015-06-01T20:00:00Z,pred_prophet,0.128510230871816,1
RooseveltWay_NE80thSt,2688,24,2015-04-14T05:00:00Z,pred_auto.arima,0.103851102000672,0.833333333333333
RooseveltWay_NE80thSt,2688,24,2015-04-14T05:00:00Z,pred_forecastHybrid,0.171523326190709,0.833333333333333
RooseveltWay_NE80thSt,2688,24,2015-04-14T05:00:00Z,pred_prophet,0.0942742882998004,0.791666666666667
RooseveltWay_NE80thSt,2688,24,2014-07-05T05:00:00Z,pred_auto.arima,0.0425331156386132,1
RooseveltWay_NE80thSt,2688,24,2014-07-05T05:00:00Z,pred_forecastHybrid,0.0903717689301678,1
RooseveltWay_NE80thSt,2688,24,2014-07-05T05:00:00Z,pred_prophet,0.0375093587762856,1
RooseveltWay_NE80thSt,2688,24,2015-03-31T03:00:00Z,pred_auto.arima,0.160774177739957,0.708333333333333
RooseveltWay_NE80thSt,2688,24,2015-03-31T03:00:00Z,pred_forecastHybrid,0.111930078194183,1
RooseveltWay_NE80thSt,2688,24,2015-03-31T03:00:00Z,pred_prophet,0.0996518352441022,0.833333333333333
RooseveltWay_NE80thSt,2688,168,2015-11-03T09:00:00Z,pred_auto.arima,0.0523649291179093,1
RooseveltWay_NE80thSt,2688,168,2015-11-03T09:00:00Z,pred_forecastHybrid,0.0663678934069819,1
RooseveltWay_NE80thSt,2688,168,2015-11-03T09:00:00Z,pred_prophet,0.0915781646689014,0.952380952380952
RooseveltWay_NE80thSt,2688,168,2015-06-29T16:00:00Z,pred_auto.arima,0.101871206477305,1
RooseveltWay_NE80thSt,2688,168,2015-06-29T16:00:00Z,pred_forecastHybrid,0.104789247937829,1
RooseveltWay_NE80thSt,2688,168,2015-06-29T16:00:00Z,pred_prophet,0.114668549816903,0.80952380952381
RooseveltWay_NE80thSt,2688,168,2015-08-04T14:00:00Z,pred_auto.arima,0.154043342187902,0.994047619047619
RooseveltWay_NE80thSt,2688,168,2015-08-04T14:00:00Z,pred_forecastHybrid,0.374265578853835,1
RooseveltWay_NE80thSt,2688,168,2015-08-04T14:00:00Z,pred_prophet,0.0690824775406581,0.952380952380952
RooseveltWay_NE80thSt,2688,672,2014-08-30T16:00:00Z,pred_auto.arima,0.0844997921222641,1
RooseveltWay_NE80thSt,2688,672,2014-08-30T16:00:00Z,pred_forecastHybrid,0.0965083318946946,1
RooseveltWay_NE80thSt,2688,672,2014-08-30T16:00:00Z,pred_prophet,0.0663982009852562,0.985119047619048
RooseveltWay_NE80thSt,2688,672,2015-08-15T15:00:00Z,pred_auto.arima,0.104036718423667,0.995535714285714
RooseveltWay_NE80thSt,2688,672,2015-08-15T15:00:00Z,pred_forecastHybrid,0.14873828693372,1
RooseveltWay_NE80thSt,2688,672,2015-08-15T15:00:00Z,pred_prophet,0.0866133767969332,0.979166666666667
RooseveltWay_NE80thSt,2688,672,2014-06-24T10:00:00Z,pred_auto.arima,0.112437939631525,1
RooseveltWay_NE80thSt,2688,672,2014-06-24T10:00:00Z,pred_forecastHybrid,0.114314449462374,1
RooseveltWay_NE80thSt,2688,672,2014-06-24T10:00:00Z,pred_prophet,0.114660540795859,0.763392857142857
SpokaneSwingBridge,24,4,2014-07-30T16:00:00Z,pred_auto.arima,0.0179673594051976,1
SpokaneSwingBridge,24,4,2014-07-30T16:00:00Z,pred_forecastHybrid,0.00760065699161649,1
SpokaneSwingBridge,24,4,2014-07-30T16:00:00Z,pred_prophet,0.0309000437820248,0.5
SpokaneSwingBridge,24,4,2015-03-17T19:00:00Z,pred_auto.arima,0.0528063385363135,0
SpokaneSwingBridge,24,4,2015-03-17T19:00:00Z,pred_forecastHybrid,0.0314020477400929,1
SpokaneSwingBridge,24,4,2015-03-17T19:00:00Z,pred_prophet,0.0549555348513597,0
SpokaneSwingBridge,24,4,2014-07-15T08:00:00Z,pred_auto.arima,0.00928157412558472,1
SpokaneSwingBridge,24,4,2014-07-15T08:00:00Z,pred_forecastHybrid,0.0264550921362521,1
SpokaneSwingBridge,24,4,2014-07-15T08:00:00Z,pred_prophet,0.065758191999063,0.25
SpokaneSwingBridge,24,24,2015-03-27T04:00:00Z,pred_auto.arima,0.163677609999263,1
SpokaneSwingBridge,24,24,2015-03-27T04:00:00Z,pred_forecastHybrid,0.0956554431891964,1
SpokaneSwingBridge,24,24,2015-03-27T04:00:00Z,pred_prophet,0.0832182798236426,1
SpokaneSwingBridge,24,24,2014-03-18T20:00:00Z,pred_auto.arima,0.208542837613718,0.875
SpokaneSwingBridge,24,24,2014-03-18T20:00:00Z,pred_forecastHybrid,0.175477943944704,1
SpokaneSwingBridge,24,24,2014-03-18T20:00:00Z,pred_prophet,0.247116123209314,0.0416666666666667
SpokaneSwingBridge,24,24,2015-08-11T01:00:00Z,pred_auto.arima,0.0645308627474938,1
SpokaneSwingBridge,24,24,2015-08-11T01:00:00Z,pred_forecastHybrid,0.0951526942105229,1
SpokaneSwingBridge,24,24,2015-08-11T01:00:00Z,pred_prophet,0.166363781001053,0.0416666666666667
SpokaneSwingBridge,24,168,2014-10-17T16:00:00Z,pred_auto.arima,0.0517134775467339,1
SpokaneSwingBridge,24,168,2014-10-17T16:00:00Z,pred_forecastHybrid,0.042081852666566,1
SpokaneSwingBridge,24,168,2014-10-17T16:00:00Z,pred_prophet,0.168899209768601,1
SpokaneSwingBridge,24,168,2015-02-02T21:00:00Z,pred_auto.arima,0.0375396527309505,1
SpokaneSwingBridge,24,168,2015-02-02T21:00:00Z,pred_forecastHybrid,0.0334351114622818,1
SpokaneSwingBridge,24,168,2015-02-02T21:00:00Z,pred_prophet,0.712453559492245,0.654761904761905
SpokaneSwingBridge,24,168,2015-04-27T17:00:00Z,pred_auto.arima,0.0758640620863814,0.904761904761905
SpokaneSwingBridge,24,168,2015-04-27T17:00:00Z,pred_forecastHybrid,1.42614432591117,1
SpokaneSwingBridge,24,168,2015-04-27T17:00:00Z,pred_prophet,1.06284243285139,0.0476190476190476
SpokaneSwingBridge,24,672,2015-02-10T22:00:00Z,pred_auto.arima,0.0985868508091751,1
SpokaneSwingBridge,24,672,2015-02-10T22:00:00Z,pred_forecastHybrid,0.496747088843361,1
SpokaneSwingBridge,24,672,2015-02-10T22:00:00Z,pred_prophet,0.607252195243696,0.995535714285714
SpokaneSwingBridge,24,672,2014-12-30T04:00:00Z,pred_auto.arima,0.203185323716452,1
SpokaneSwingBridge,24,672,2014-12-30T04:00:00Z,pred_forecastHybrid,1.46020026713471,1
SpokaneSwingBridge,24,672,2014-12-30T04:00:00Z,pred_prophet,2.21473348923304,0.994047619047619
SpokaneSwingBridge,24,672,2015-04-06T01:00:00Z,pred_auto.arima,0.157580097617629,1
SpokaneSwingBridge,24,672,2015-04-06T01:00:00Z,pred_forecastHybrid,1.27873224360439,1
SpokaneSwingBridge,24,672,2015-04-06T01:00:00Z,pred_prophet,2.39236164270148,0.489583333333333
SpokaneSwingBridge,168,4,2014-03-30T02:00:00Z,pred_auto.arima,0.0278796943337959,1
SpokaneSwingBridge,168,4,2014-03-30T02:00:00Z,pred_forecastHybrid,0.0283728681336455,1
SpokaneSwingBridge,168,4,2014-03-30T02:00:00Z,pred_prophet,0.0555134436162696,0.25
SpokaneSwingBridge,168,4,2015-03-13T06:00:00Z,pred_auto.arima,0.0082367746460628,1
SpokaneSwingBridge,168,4,2015-03-13T06:00:00Z,pred_forecastHybrid,0.011561795136071,1
SpokaneSwingBridge,168,4,2015-03-13T06:00:00Z,pred_prophet,0.0213216349281838,0.5
SpokaneSwingBridge,168,4,2015-09-14T09:00:00Z,pred_auto.arima,0.00720245726616913,1
SpokaneSwingBridge,168,4,2015-09-14T09:00:00Z,pred_forecastHybrid,0.00507839948221966,1
SpokaneSwingBridge,168,4,2015-09-14T09:00:00Z,pred_prophet,0.0122580349353526,1
SpokaneSwingBridge,168,24,2015-03-17T02:00:00Z,pred_auto.arima,0.0267899452788518,1
SpokaneSwingBridge,168,24,2015-03-17T02:00:00Z,pred_forecastHybrid,0.0315268670132861,1
SpokaneSwingBridge,168,24,2015-03-17T02:00:00Z,pred_prophet,0.0143724446430939,1
SpokaneSwingBridge,168,24,2014-12-08T04:00:00Z,pred_auto.arima,0.0462916047813215,1
SpokaneSwingBridge,168,24,2014-12-08T04:00:00Z,pred_forecastHybrid,0.0415673421836634,1
SpokaneSwingBridge,168,24,2014-12-08T04:00:00Z,pred_prophet,0.0284274722551693,0.541666666666667
SpokaneSwingBridge,168,24,2015-09-18T04:00:00Z,pred_auto.arima,0.0746962946086796,1
SpokaneSwingBridge,168,24,2015-09-18T04:00:00Z,pred_forecastHybrid,0.0770848665969561,1
SpokaneSwingBridge,168,24,2015-09-18T04:00:00Z,pred_prophet,0.0587924110527091,0.208333333333333
SpokaneSwingBridge,168,168,2014-10-17T18:00:00Z,pred_auto.arima,0.0559645564173188,1
SpokaneSwingBridge,168,168,2014-10-17T18:00:00Z,pred_forecastHybrid,0.0521873477220181,1
SpokaneSwingBridge,168,168,2014-10-17T18:00:00Z,pred_prophet,0.142952665372409,0.940476190476191
SpokaneSwingBridge,168,168,2015-02-28T16:00:00Z,pred_auto.arima,0.0889813531807356,1
SpokaneSwingBridge,168,168,2015-02-28T16:00:00Z,pred_forecastHybrid,0.0863354276234002,1
SpokaneSwingBridge,168,168,2015-02-28T16:00:00Z,pred_prophet,0.18050686376052,0.410714285714286
SpokaneSwingBridge,168,168,2014-05-19T19:00:00Z,pred_auto.arima,0.0552491057658614,1
SpokaneSwingBridge,168,168,2014-05-19T19:00:00Z,pred_forecastHybrid,0.0720727864336262,1
SpokaneSwingBridge,168,168,2014-05-19T19:00:00Z,pred_prophet,0.205438882296178,0.607142857142857
SpokaneSwingBridge,168,672,2015-05-17T03:00:00Z,pred_auto.arima,0.144645726279716,0.971726190476191
SpokaneSwingBridge,168,672,2015-05-17T03:00:00Z,pred_forecastHybrid,0.189494400266408,1
SpokaneSwingBridge,168,672,2015-05-17T03:00:00Z,pred_prophet,0.810760756638624,0.852678571428571
SpokaneSwingBridge,168,672,2014-09-02T12:00:00Z,pred_auto.arima,0.0427421612781718,1
SpokaneSwingBridge,168,672,2014-09-02T12:00:00Z,pred_forecastHybrid,0.4095215438955,1
SpokaneSwingBridge,168,672,2014-09-02T12:00:00Z,pred_prophet,0.473041370812557,0.952380952380952
SpokaneSwingBridge,168,672,2015-02-14T14:00:00Z,pred_auto.arima,0.116045260891193,0.998511904761905
SpokaneSwingBridge,168,672,2015-02-14T14:00:00Z,pred_forecastHybrid,0.131756109924863,1
SpokaneSwingBridge,168,672,2015-02-14T14:00:00Z,pred_prophet,0.203377518383543,0.941964285714286
SpokaneSwingBridge,672,4,2014-04-28T04:00:00Z,pred_auto.arima,0.034773429230378,1
SpokaneSwingBridge,672,4,2014-04-28T04:00:00Z,pred_forecastHybrid,0.0301657876046627,1
SpokaneSwingBridge,672,4,2014-04-28T04:00:00Z,pred_prophet,0.113968880739861,0.25
SpokaneSwingBridge,672,4,2015-09-21T15:00:00Z,pred_auto.arima,0.00456062778819884,1
SpokaneSwingBridge,672,4,2015-09-21T15:00:00Z,pred_forecastHybrid,0.00202431832021347,1
SpokaneSwingBridge,672,4,2015-09-21T15:00:00Z,pred_prophet,0.0838553246030114,0
SpokaneSwingBridge,672,4,2015-07-29T05:00:00Z,pred_auto.arima,0.0126378621725037,1
SpokaneSwingBridge,672,4,2015-07-29T05:00:00Z,pred_forecastHybrid,0.0131784581191266,1
SpokaneSwingBridge,672,4,2015-07-29T05:00:00Z,pred_prophet,0.130316015272029,0
SpokaneSwingBridge,672,24,2015-02-08T01:00:00Z,pred_auto.arima,0.0387328330114154,1
SpokaneSwingBridge,672,24,2015-02-08T01:00:00Z,pred_forecastHybrid,0.0383530036433729,1
SpokaneSwingBridge,672,24,2015-02-08T01:00:00Z,pred_prophet,0.0395362897462994,0.75
SpokaneSwingBridge,672,24,2014-09-29T21:00:00Z,pred_auto.arima,0.0180336236333952,1
SpokaneSwingBridge,672,24,2014-09-29T21:00:00Z,pred_forecastHybrid,0.0229044998370921,1
SpokaneSwingBridge,672,24,2014-09-29T21:00:00Z,pred_prophet,0.0422121993425808,0.458333333333333
SpokaneSwingBridge,672,24,2015-10-11T02:00:00Z,pred_auto.arima,0.0301808730853881,1
SpokaneSwingBridge,672,24,2015-10-11T02:00:00Z,pred_forecastHybrid,0.0269332600853014,1
SpokaneSwingBridge,672,24,2015-10-11T02:00:00Z,pred_prophet,0.0196948668129298,1
SpokaneSwingBridge,672,168,2014-04-14T17:00:00Z,pred_auto.arima,0.147677910015305,0.994047619047619
SpokaneSwingBridge,672,168,2014-04-14T17:00:00Z,pred_forecastHybrid,0.155706716793323,1
SpokaneSwingBridge,672,168,2014-04-14T17:00:00Z,pred_prophet,0.102984739209895,0.5
SpokaneSwingBridge,672,168,2014-04-05T07:00:00Z,pred_auto.arima,0.0675793482810537,1
SpokaneSwingBridge,672,168,2014-04-05T07:00:00Z,pred_forecastHybrid,0.0663578159194925,1
SpokaneSwingBridge,672,168,2014-04-05T07:00:00Z,pred_prophet,0.0683449678127832,0.767857142857143
SpokaneSwingBridge,672,168,2014-11-20T12:00:00Z,pred_auto.arima,0.0642877496049835,0.988095238095238
SpokaneSwingBridge,672,168,2014-11-20T12:00:00Z,pred_forecastHybrid,0.0590366708144502,1
SpokaneSwingBridge,672,168,2014-11-20T12:00:00Z,pred_prophet,0.0621664466973477,0.892857142857143
SpokaneSwingBridge,672,672,2014-11-09T13:00:00Z,pred_auto.arima,0.201561772417094,1
SpokaneSwingBridge,672,672,2014-11-09T13:00:00Z,pred_forecastHybrid,0.192035018213218,1
SpokaneSwingBridge,672,672,2014-11-09T13:00:00Z,pred_prophet,0.146892695956879,0.916666666666667
SpokaneSwingBridge,672,672,2014-09-21T23:00:00Z,pred_auto.arima,0.0955035204737703,1
SpokaneSwingBridge,672,672,2014-09-21T23:00:00Z,pred_forecastHybrid,0.0799878805174329,1
SpokaneSwingBridge,672,672,2014-09-21T23:00:00Z,pred_prophet,0.17518327726929,0.971726190476191
SpokaneSwingBridge,672,672,2015-04-17T22:00:00Z,pred_auto.arima,0.131054080223863,0.610119047619048
SpokaneSwingBridge,672,672,2015-04-17T22:00:00Z,pred_forecastHybrid,0.0945497882018061,1
SpokaneSwingBridge,672,672,2015-04-17T22:00:00Z,pred_prophet,0.150755984638737,0.891369047619048
SpokaneSwingBridge,2688,4,2015-01-10T12:00:00Z,pred_auto.arima,0.00953300793747967,1
SpokaneSwingBridge,2688,4,2015-01-10T12:00:00Z,pred_forecastHybrid,0.0115761175336378,1
SpokaneSwingBridge,2688,4,2015-01-10T12:00:00Z,pred_prophet,0.0896862827171875,1
SpokaneSwingBridge,2688,4,2015-02-10T09:00:00Z,pred_auto.arima,0.0105283820696629,1
SpokaneSwingBridge,2688,4,2015-02-10T09:00:00Z,pred_forecastHybrid,0.0106976291610994,1
SpokaneSwingBridge,2688,4,2015-02-10T09:00:00Z,pred_prophet,0.00555021532548081,1
SpokaneSwingBridge,2688,4,2014-09-26T17:00:00Z,pred_auto.arima,0.00676482570351279,1
SpokaneSwingBridge,2688,4,2014-09-26T17:00:00Z,pred_forecastHybrid,0.00383853492092804,1
SpokaneSwingBridge,2688,4,2014-09-26T17:00:00Z,pred_prophet,0.0764371955782814,1
SpokaneSwingBridge,2688,24,2014-10-24T22:00:00Z,pred_auto.arima,0.0144859483591565,1
SpokaneSwingBridge,2688,24,2014-10-24T22:00:00Z,pred_forecastHybrid,0.0404020869217867,1
SpokaneSwingBridge,2688,24,2014-10-24T22:00:00Z,pred_prophet,0.0640533786951555,0.875
SpokaneSwingBridge,2688,24,2015-04-05T19:00:00Z,pred_auto.arima,0.0886413919625542,0.833333333333333
SpokaneSwingBridge,2688,24,2015-04-05T19:00:00Z,pred_forecastHybrid,0.0861021773246095,1
SpokaneSwingBridge,2688,24,2015-04-05T19:00:00Z,pred_prophet,0.0269146332683615,1
SpokaneSwingBridge,2688,24,2014-11-09T19:00:00Z,pred_auto.arima,0.0122937771577434,1
SpokaneSwingBridge,2688,24,2014-11-09T19:00:00Z,pred_forecastHybrid,0.0169773595809187,1
SpokaneSwingBridge,2688,24,2014-11-09T19:00:00Z,pred_prophet,0.0655312520236433,0.916666666666667
SpokaneSwingBridge,2688,168,2015-02-12T11:00:00Z,pred_auto.arima,0.0655606771830323,0.940476190476191
SpokaneSwingBridge,2688,168,2015-02-12T11:00:00Z,pred_forecastHybrid,0.0648586442575621,0.964285714285714
SpokaneSwingBridge,2688,168,2015-02-12T11:00:00Z,pred_prophet,0.0720083461148497,0.988095238095238
SpokaneSwingBridge,2688,168,2015-02-02T18:00:00Z,pred_auto.arima,0.0426926048324629,1
SpokaneSwingBridge,2688,168,2015-02-02T18:00:00Z,pred_forecastHybrid,0.0422824151143625,1
SpokaneSwingBridge,2688,168,2015-02-02T18:00:00Z,pred_prophet,0.0366087977645581,1
SpokaneSwingBridge,2688,168,2015-01-14T22:00:00Z,pred_auto.arima,0.0736146821849567,1
SpokaneSwingBridge,2688,168,2015-01-14T22:00:00Z,pred_forecastHybrid,0.0754935594169157,1
SpokaneSwingBridge,2688,168,2015-01-14T22:00:00Z,pred_prophet,0.056688562405142,0.988095238095238
SpokaneSwingBridge,2688,672,2014-07-05T14:00:00Z,pred_auto.arima,0.0868960216330769,1
SpokaneSwingBridge,2688,672,2014-07-05T14:00:00Z,pred_forecastHybrid,0.0841968030638584,1
SpokaneSwingBridge,2688,672,2014-07-05T14:00:00Z,pred_prophet,0.079525321548793,0.995535714285714
SpokaneSwingBridge,2688,672,2015-08-13T15:00:00Z,pred_auto.arima,0.194565372764623,0.962797619047619
SpokaneSwingBridge,2688,672,2015-08-13T15:00:00Z,pred_forecastHybrid,0.31562770641445,1
SpokaneSwingBridge,2688,672,2015-08-13T15:00:00Z,pred_prophet,0.142623417736511,0.913690476190476
SpokaneSwingBridge,2688,672,2014-09-16T18:00:00Z,pred_auto.arima,0.0705987450383256,1
SpokaneSwingBridge,2688,672,2014-09-16T18:00:00Z,pred_forecastHybrid,0.0986920503492696,1
SpokaneSwingBridge,2688,672,2014-09-16T18:00:00Z,pred_prophet,0.107201677504765,0.918154761904762
